ID Group,Group,ID Industry,Industry,ID Year,Year,ID State,State,Workforce by Industry and Gender,Workforce by Industry and Gender Moe,ACS Industry yg RCA,Geography,ID Geography,Slug Geography,Median Earnings,Median Earnings Moe,Workforce Prev,Workforce Growth,Median Earnings Prev,Median Earnings Growth,Share
0,"Agriculture, Forestry, Fishing & Hunting, & Mining",0,"Agriculture, Forestry, Fishing & Hunting",2021,"2021","04000US24","Maryland",700,166.00301202086666,0.6445023605575178,"Carroll County, MD","05000US24013","carroll-county-md",53911,36436,707,-0.9900990099009901,62207,-13.336119729290916,0.7744819269110341
0,"Agriculture, Forestry, Fishing & Hunting, & Mining",1,"Mining, Quarrying, & Oil & Gas Extraction",2021,"2021","04000US24","Maryland",103,83.00602387778854,0.24884063214588623,"Carroll County, MD","05000US24013","carroll-county-md",40750,68739,100,3,75577,-46.08147981528772,0.11395948353119503
1,"Construction (Group)",2,"Construction",2021,"2021","04000US24","Maryland",9265,722.1703400168135,1.5065680127308343,"Carroll County, MD","05000US24013","carroll-county-md",120629,10205,9609,-3.5799771047975852,114379,5.464289773472403,10.250821504043902
2,"Manufacturing (Group)",3,"Manufacturing",2021,"2021","04000US24","Maryland",5802,537.8856755854351,0.6405152770568826,"Carroll County, MD","05000US24013","carroll-county-md",111742,12973,5327,8.916838746010889,109362,2.1762586638869075,6.4193487713397435
3,"Wholesale Trade (Group)",4,"Wholesale Trade",2021,"2021","04000US24","Maryland",2134,386.51778743028115,0.9494786874275926,"Carroll County, MD","05000US24013","carroll-county-md",104173,53956,2151,-0.7903300790330079,102466,1.66591845099838,2.361063474325924
4,"Retail Trade (Group)",5,"Retail Trade",2021,"2021","04000US24","Maryland",9104,678.88879796326,0.9195708459331653,"Carroll County, MD","05000US24013","carroll-county-md",58404,9604,9015,0.9872434830837493,52271,11.733083354058655,10.072690660854363
5,"Transportation & Warehousing, & Utilities",6,"Transportation & Warehousing",2021,"2021","04000US24","Maryland",2468,362.3534186398688,0.5660784740759927,"Carroll County, MD","05000US24013","carroll-county-md",83221,13767,2531,-2.489134729355986,83893,-0.8010203473472162,2.73060199373776
5,"Transportation & Warehousing, & Utilities",7,"Utilities",2021,"2021","04000US24","Maryland",708,182.72657168567466,0.9432309849175274,"Carroll County, MD","05000US24013","carroll-county-md",218366,70034,678,4.424778761061947,160222,36.289648113242876,0.7833331489328745
6,"Information (Group)",8,"Information",2021,"2021","04000US24","Maryland",1555,220.53797858872286,0.8939862962364877,"Carroll County, MD","05000US24013","carroll-county-md",127763,32068,1633,-4.776484996938151,115850,10.28312473025464,1.7204562804952257
7,"Finance & Insurance, & Real Estate & Rental & Leasing",9,"Finance & Insurance",2021,"2021","04000US24","Maryland",5145,470.8003823277972,1.2018440263758672,"Carroll County, MD","05000US24013","carroll-county-md",191071,19998,4822,6.698465367067606,177458,7.671110910750713,5.692442162796101
7,"Finance & Insurance, & Real Estate & Rental & Leasing",10,"Real Estate & Rental & Leasing",2021,"2021","04000US24","Maryland",1632,253.9389690457138,0.9408554456201628,"Carroll County, MD","05000US24013","carroll-county-md",125909,22418,1513,7.865168539325842,117407,7.241476232251911,1.8056492924554395
8,"Professional, Scientific, & Management, & Administrative & Waste Management Services",11,"Professional, Scientific, & Technical Services",2021,"2021","04000US24","Maryland",8454,581.7387729900767,1.2240813618403479,"Carroll County, MD","05000US24013","carroll-county-md",176182,23710,7692,9.906396255850234,160766,9.589092220992,9.353528871579833
8,"Professional, Scientific, & Management, & Administrative & Waste Management Services",12,"Management of Companies & Enterprises",2021,"2021","04000US24","Maryland",55,33.28663395418648,0.4279404637016625,"Carroll County, MD","05000US24013","carroll-county-md",82083,150252,38,44.73684210526316,150357,-45.40792912867376,0.06085215140015269
8,"Professional, Scientific, & Management, & Administrative & Waste Management Services",13,"Administrative & Support & Waste Management Services",2021,"2021","04000US24","Maryland",3183,410.0951109194061,0.8458267821838119,"Carroll County, MD","05000US24013","carroll-county-md",94731,16014,3447,-7.658833768494342,87105,8.754950921301877,3.521679961939745
9,"Educational Services, & Health Care & Social Assistance",14,"Educational Services",2021,"2021","04000US24","Maryland",10045,702.125344934934,1.1909072402815364,"Carroll County, MD","05000US24013","carroll-county-md",119326,12424,9708,3.4713638236505973,115587,3.234792840025262,11.11381565117334
9,"Educational Services, & Health Care & Social Assistance",15,"Health Care & Social Assistance",2021,"2021","04000US24","Maryland",12417,718.4601589510722,0.9811719121519235,"Carroll County, MD","05000US24013","carroll-county-md",101625,10075,12040,3.1312292358803986,97596,4.128242960777081,13.738202980649017
10,"Arts, Entertainment, & Recreation, & Accommodation & Food Services",16,"Arts, Entertainment, & Recreation",2021,"2021","04000US24","Maryland",1592,289.8706608127149,0.8406491602544895,"Carroll County, MD","05000US24013","carroll-county-md",51116,16459,1450,9.793103448275863,52692,-2.990966370606544,1.7613931823462377
10,"Arts, Entertainment, & Recreation, & Accommodation & Food Services",17,"Accommodation & Food Services",2021,"2021","04000US24","Maryland",4260,475.66059328054496,0.6720710086028073,"Carroll County, MD","05000US24013","carroll-county-md",31107,5872,4368,-2.4725274725274726,36218,-14.111767629355567,4.713275726630008
11,"Other Services, Except Public Administration (Group)",18,"Other Services, Except Public Administration",2021,"2021","04000US24","Maryland",4557,611.0057282873869,1.06096609389454,"Carroll County, MD","05000US24013","carroll-county-md",,,4702,-3.0837941301573797,,NaN,5.041877344190833
12,"Public Administration (Group)",19,"Public Administration",2021,"2021","04000US24","Maryland",7204,639.6201998061038,1.6966256390704098,"Carroll County, MD","05000US24013","carroll-county-md",189230,22506,6673,7.957440431589989,185593,1.9596644269988632,7.970525430667272
0,"Agriculture, Forestry, Fishing & Hunting, & Mining",0,"Agriculture, Forestry, Fishing & Hunting",2020,"2020","04000US24","Maryland",707,184.95404834715026,0.6533826327453744,"Carroll County, MD","05000US24013","carroll-county-md",62207,20477,779,-9.242618741976894,57575,8.045158488927486,0.8015509500702915
0,"Agriculture, Forestry, Fishing & Hunting, & Mining",1,"Mining, Quarrying, & Oil & Gas Extraction",2020,"2020","04000US24","Maryland",100,71.58910531638176,0.23690887010711478,"Carroll County, MD","05000US24013","carroll-county-md",75577,76484,51,96.07843137254902,75083,0.6579385480068723,0.11337354314997052
1,"Construction (Group)",2,"Construction",2020,"2020","04000US24","Maryland",9609,722.5634920199054,1.6304075766249086,"Carroll County, MD","05000US24013","carroll-county-md",114379,11985,8905,7.905670971364402,103747,10.2480071712917,10.894063761280668
2,"Manufacturing (Group)",3,"Manufacturing",2020,"2020","04000US24","Maryland",5327,496.601449856925,0.6028363081898016,"Carroll County, MD","05000US24013","carroll-county-md",109362,20092,5306,0.395778364116095,122846,-10.976344366116928,6.03940864359893
3,"Wholesale Trade (Group)",4,"Wholesale Trade",2020,"2020","04000US24","Maryland",2151,377.60561436504094,0.9571568815077209,"Carroll County, MD","05000US24013","carroll-county-md",102466,36465,2084,3.2149712092130516,107754,-4.907474432503666,2.4386649131558658
4,"Retail Trade (Group)",5,"Retail Trade",2020,"2020","04000US24","Maryland",9015,669.6484152150291,0.9265920920284221,"Carroll County, MD","05000US24013","carroll-county-md",52271,8903,8694,3.692201518288475,49017,6.638513168900586,10.220624914969843
5,"Transportation & Warehousing, & Utilities",6,"Transportation & Warehousing",2020,"2020","04000US24","Maryland",2531,347.2477501726973,0.6135614903317769,"Carroll County, MD","05000US24013","carroll-county-md",83893,16047,2861,-11.53442852149598,95441,-12.099621755849164,2.8694843771257537
5,"Transportation & Warehousing, & Utilities",7,"Utilities",2020,"2020","04000US24","Maryland",678,175.80102388780335,0.931570166798994,"Carroll County, MD","05000US24013","carroll-county-md",160222,142568,482,40.66390041493776,169522,-5.486013614752068,0.7686726225568001
6,"Information (Group)",8,"Information",2020,"2020","04000US24","Maryland",1633,237.9936973955403,0.9411003543184668,"Carroll County, MD","05000US24013","carroll-county-md",115850,13965,1966,-16.93794506612411,114044,1.583599312546035,1.8513899596390186
7,"Finance & Insurance, & Real Estate & Rental & Leasing",9,"Finance & Insurance",2020,"2020","04000US24","Maryland",4822,473.3539901595845,1.1693959620263714,"Carroll County, MD","05000US24013","carroll-county-md",177458,8504,4764,1.2174643157010916,171106,3.7123186796488725,5.466872250691578
7,"Finance & Insurance, & Real Estate & Rental & Leasing",10,"Real Estate & Rental & Leasing",2020,"2020","04000US24","Maryland",1513,230.79428069170172,0.8820918124008306,"Carroll County, MD","05000US24013","carroll-county-md",117407,30112,1716,-11.82983682983683,117566,-0.13524318255277887,1.715341707859054
8,"Professional, Scientific, & Management, & Administrative & Waste Management Services",11,"Professional, Scientific, & Technical Services",2020,"2020","04000US24","Maryland",7692,633.199020845737,1.1742849388734806,"Carroll County, MD","05000US24013","carroll-county-md",160766,15603,7431,3.512313282196205,160179,0.3664650172619382,8.720692939095732
8,"Professional, Scientific, & Management, & Administrative & Waste Management Services",12,"Management of Companies & Enterprises",2020,"2020","04000US24","Maryland",38,29.832867780352597,0.3099587712527234,"Carroll County, MD","05000US24013","carroll-county-md",150357,72074,33,15.151515151515152,104750,43.538902147971356,0.0430819463969888
8,"Professional, Scientific, & Management, & Administrative & Waste Management Services",13,"Administrative & Support & Waste Management Services",2020,"2020","04000US24","Maryland",3447,447.41479635792103,0.9345371369852147,"Carroll County, MD","05000US24013","carroll-county-md",87105,17277,3685,-6.458616010854818,80973,7.572894668593235,3.9079860323794837
9,"Educational Services, & Health Care & Social Assistance",14,"Educational Services",2020,"2020","04000US24","Maryland",9708,715.8617184903799,1.1819190813900498,"Carroll County, MD","05000US24013","carroll-county-md",115587,9467,9861,-1.5515667782172193,106934,8.09190715768605,11.006303568999138
9,"Educational Services, & Health Care & Social Assistance",15,"Health Care & Social Assistance",2020,"2020","04000US24","Maryland",12040,741.0438583511774,0.9761807503289659,"Carroll County, MD","05000US24013","carroll-county-md",97596,12215,11384,5.762473647224174,106240,-8.136295180722891,13.65017459525645
10,"Arts, Entertainment, & Recreation, & Accommodation & Food Services",16,"Arts, Entertainment, & Recreation",2020,"2020","04000US24","Maryland",1450,261.81672979395336,0.7624883537631958,"Carroll County, MD","05000US24013","carroll-county-md",52692,18289,1306,11.0260336906585,51568,2.1796462922742785,1.6439163756745725
10,"Arts, Entertainment, & Recreation, & Accommodation & Food Services",17,"Accommodation & Food Services",2020,"2020","04000US24","Maryland",4368,560.290103428572,0.6837209630604767,"Carroll County, MD","05000US24013","carroll-county-md",36218,9176,4385,-0.38768529076396807,31868,13.650056482992342,4.952156364790712
11,"Other Services, Except Public Administration (Group)",18,"Other Services, Except Public Administration",2020,"2020","04000US24","Maryland",4702,540.8558033339384,1.105572927697587,"Carroll County, MD","05000US24013","carroll-county-md",,,4493,4.651680391720454,,NaN,5.3308239989116135
12,"Public Administration (Group)",19,"Public Administration",2020,"2020","04000US24","Maryland",6673,530.9472666847433,1.6219700338175316,"Carroll County, MD","05000US24013","carroll-county-md",185593,18649,7446,-10.381412839108247,180630,2.7476056026130764,7.565416534397533
0,"Agriculture, Forestry, Fishing & Hunting, & Mining",0,"Agriculture, Forestry, Fishing & Hunting",2019,"2019","04000US24","Maryland",779,192.93781381574738,0.7059587165186766,"Carroll County, MD","05000US24013","carroll-county-md",57575,7321,741,5.128205128205128,57309,0.4641504824722121,0.8889446777432901
0,"Agriculture, Forestry, Fishing & Hunting, & Mining",1,"Mining, Quarrying, & Oil & Gas Extraction",2019,"2019","04000US24","Maryland",51,47.20169488482379,0.1135075956071627,"Carroll County, MD","05000US24013","carroll-county-md",75083,64830,41,24.390243902439025,47125,59.32732095490716,0.05819791856855944
1,"Construction (Group)",2,"Construction",2019,"2019","04000US24","Maryland",8905,554.8333083007905,1.5414759843765498,"Carroll County, MD","05000US24013","carroll-county-md",103747,18123,8792,1.2852593266606005,96006,8.06303772680874,10.16181303633376
2,"Manufacturing (Group)",3,"Manufacturing",2019,"2019","04000US24","Maryland",5306,483.0010351955781,0.599016737564808,"Carroll County, MD","05000US24013","carroll-county-md",122846,11530,5519,-3.8593948179017934,120003,2.3691074389806923,6.054865802446595
3,"Wholesale Trade (Group)",4,"Wholesale Trade",2019,"2019","04000US24","Maryland",2084,323.5135236740498,0.9167889591432907,"Carroll County, MD","05000US24013","carroll-county-md",107754,14380,2031,2.609551944854751,105117,2.5086332372499216,2.378126711703487
4,"Retail Trade (Group)",5,"Retail Trade",2019,"2019","04000US24","Maryland",8694,575.0147824186784,0.8896702903450651,"Carroll County, MD","05000US24013","carroll-county-md",49017,6739,8872,-2.006311992786294,49696,-1.3663071474565358,9.921033412452072
5,"Transportation & Warehousing, & Utilities",6,"Transportation & Warehousing",2019,"2019","04000US24","Maryland",2861,373.4715517947786,0.718229026797854,"Carroll County, MD","05000US24013","carroll-county-md",95441,19531,2752,3.9607558139534884,91365,4.46122694686149,3.264789118130363
5,"Transportation & Warehousing, & Utilities",7,"Utilities",2019,"2019","04000US24","Maryland",482,139.71399357258386,0.6721552108195912,"Carroll County, MD","05000US24013","carroll-county-md",169522,36354,511,-5.6751467710371815,165031,2.7213069059752413,0.5500273872557969
6,"Information (Group)",8,"Information",2019,"2019","04000US24","Maryland",1966,284.5083478564381,1.1154767241405603,"Carroll County, MD","05000US24013","carroll-county-md",114044,10654,2100,-6.380952380952381,109318,4.323167273459083,2.2434727040350557
7,"Finance & Insurance, & Real Estate & Rental & Leasing",9,"Finance & Insurance",2019,"2019","04000US24","Maryland",4764,419.46871158645433,1.178412067018802,"Carroll County, MD","05000US24013","carroll-county-md",171106,18852,4454,6.960035922766053,171280,-0.1015880429705745,5.436370275698375
7,"Finance & Insurance, & Real Estate & Rental & Leasing",10,"Real Estate & Rental & Leasing",2019,"2019","04000US24","Maryland",1716,264.90941848111027,1.0080566367953465,"Carroll County, MD","05000US24013","carroll-county-md",117566,32817,1970,-12.893401015228426,103283,13.828994122943755,1.9581887894832937
8,"Professional, Scientific, & Management, & Administrative & Waste Management Services",11,"Professional, Scientific, & Technical Services",2019,"2019","04000US24","Maryland",7431,510.65448201303394,1.1783742262796069,"Carroll County, MD","05000US24013","carroll-county-md",160179,10642,7743,-4.029445951181713,148435,7.911880621147303,8.47977907613657
8,"Professional, Scientific, & Management, & Administrative & Waste Management Services",12,"Management of Companies & Enterprises",2019,"2019","04000US24","Maryland",33,23.021728866442675,0.2952223408843229,"Carroll County, MD","05000US24013","carroll-county-md",104750,96122,47,-29.78723404255319,101750,2.9484029484029484,0.037657476720832576
8,"Professional, Scientific, & Management, & Administrative & Waste Management Services",13,"Administrative & Support & Waste Management Services",2019,"2019","04000US24","Maryland",3685,440.44068840196854,0.9888836926190216,"Carroll County, MD","05000US24013","carroll-county-md",80973,19110,3678,0.19032082653616098,72864,11.128952569169961,4.20508490049297
9,"Educational Services, & Health Care & Social Assistance",14,"Educational Services",2019,"2019","04000US24","Maryland",9861,593.1778822579278,1.2142686513648133,"Carroll County, MD","05000US24013","carroll-county-md",106934,9203,9435,4.51510333863275,107573,-0.5940152268691958,11.252738725579697
9,"Educational Services, & Health Care & Social Assistance",15,"Health Care & Social Assistance",2019,"2019","04000US24","Maryland",11384,655.0793845023669,0.9359506890487996,"Carroll County, MD","05000US24013","carroll-county-md",106240,12481,10901,4.430786166406752,103045,3.100587122131108,12.990688333029029
10,"Arts, Entertainment, & Recreation, & Accommodation & Food Services",16,"Arts, Entertainment, & Recreation",2019,"2019","04000US24","Maryland",1306,214.2545215392198,0.6772423004497224,"Carroll County, MD","05000US24013","carroll-county-md",51568,13012,1470,-11.156462585034014,49926,3.2888675239354246,1.4903231696184043
10,"Arts, Entertainment, & Recreation, & Accommodation & Food Services",17,"Accommodation & Food Services",2019,"2019","04000US24","Maryland",4385,399.9962499824217,0.6705493767538144,"Carroll County, MD","05000US24013","carroll-county-md",31868,6748,4730,-7.293868921775898,27416,16.238692734169828,5.003879861237904
11,"Other Services, Except Public Administration (Group)",18,"Other Services, Except Public Administration",2019,"2019","04000US24","Maryland",4493,396.23225512317896,1.0553215289659372,"Carroll County, MD","05000US24013","carroll-county-md",,,4749,-5.390608549168245,,NaN,5.127122512324265
12,"Public Administration (Group)",19,"Public Administration",2019,"2019","04000US24","Maryland",7446,546.1071323467585,1.8441982537878268,"Carroll County, MD","05000US24013","carroll-county-md",180630,14904,7463,-0.22779043280182232,175081,3.1693901679793925,8.496896111009677
0,"Agriculture, Forestry, Fishing & Hunting, & Mining",0,"Agriculture, Forestry, Fishing & Hunting",2018,"2018","04000US24","Maryland",741,171.67993476233616,0.6555079863964418,"Carroll County, MD","05000US24013","carroll-county-md",57309,6758,774,-4.263565891472868,50104,14.38008941401884,0.842055023352538
0,"Agriculture, Forestry, Fishing & Hunting, & Mining",1,"Mining, Quarrying, & Oil & Gas Extraction",2018,"2018","04000US24","Maryland",41,41.036569057366385,0.0855959580732933,"Carroll County, MD","05000US24013","carroll-county-md",47125,52409,43,-4.651162790697675,70341,-33.00493311155656,0.046591438539074305
1,"Construction (Group)",2,"Construction",2018,"2018","04000US24","Maryland",8792,541.8422279593941,1.545356492220897,"Carroll County, MD","05000US24013","carroll-county-md",96006,14454,8291,6.042696900253286,88725,8.20625528317836,9.991022625257106
2,"Manufacturing (Group)",3,"Manufacturing",2018,"2018","04000US24","Maryland",5519,493.53925882344964,0.6159988368200332,"Carroll County, MD","05000US24013","carroll-county-md",120003,11346,5886,-6.2351342167855925,119914,0.07421985756458795,6.271662177979295
3,"Wholesale Trade (Group)",4,"Wholesale Trade",2018,"2018","04000US24","Maryland",2031,281.60255680657446,0.8756372910323647,"Carroll County, MD","05000US24013","carroll-county-md",105117,13827,2028,0.14792899408284024,106038,-0.8685565551971934,2.3079807725087784
4,"Retail Trade (Group)",5,"Retail Trade",2018,"2018","04000US24","Maryland",8872,563.6000354861593,0.8932057484938195,"Carroll County, MD","05000US24013","carroll-county-md",49696,6708,9386,-5.4762412103132325,47735,4.108096784330156,10.081932749235786
5,"Transportation & Warehousing, & Utilities",6,"Transportation & Warehousing",2018,"2018","04000US24","Maryland",2752,366.45600008732293,0.7101669790442483,"Carroll County, MD","05000US24013","carroll-county-md",91365,18924,2696,2.0771513353115725,99803,-8.454655671673196,3.127308264866646
5,"Transportation & Warehousing, & Utilities",7,"Utilities",2018,"2018","04000US24","Maryland",511,113.32254850646451,0.7050307740700611,"Carroll County, MD","05000US24013","carroll-county-md",165031,68873,539,-5.194805194805195,132273,24.76544721900917,0.5806884169138286
6,"Information (Group)",8,"Information",2018,"2018","04000US24","Maryland",2100,238.29813259864204,1.1519089356050758,"Carroll County, MD","05000US24013","carroll-county-md",109318,7947,2046,2.6392961876832843,102804,6.3363293257071716,2.3863907544403915
7,"Finance & Insurance, & Real Estate & Rental & Leasing",9,"Finance & Insurance",2018,"2018","04000US24","Maryland",4454,401.06981935817606,1.096719986616588,"Carroll County, MD","05000US24013","carroll-county-md",171280,15270,4258,4.603100046970408,159363,7.477896374942741,5.0614211525130965
7,"Finance & Insurance, & Real Estate & Rental & Leasing",10,"Real Estate & Rental & Leasing",2018,"2018","04000US24","Maryland",1970,282.842712474619,1.1527343673623116,"Carroll County, MD","05000US24013","carroll-county-md",103283,21983,1797,9.627156371730662,105802,-2.3808623655507457,2.2386618029750336
8,"Professional, Scientific, & Management, & Administrative & Waste Management Services",11,"Professional, Scientific, & Technical Services",2018,"2018","04000US24","Maryland",7743,448.93763486702693,1.2484279688732758,"Carroll County, MD","05000US24013","carroll-county-md",148435,8035,7854,-1.413292589763178,142636,4.065593538798059,8.798963624586644
8,"Professional, Scientific, & Management, & Administrative & Waste Management Services",12,"Management of Companies & Enterprises",2018,"2018","04000US24","Maryland",47,29.068883707497264,0.4760865738846606,"Carroll County, MD","05000US24013","carroll-county-md",101750,100059,31,51.61290322580645,143182,-28.936598175748347,0.05340969783747542
8,"Professional, Scientific, & Management, & Administrative & Waste Management Services",13,"Administrative & Support & Waste Management Services",2018,"2018","04000US24","Maryland",3678,421.7404415040132,0.9793356838422882,"Carroll County, MD","05000US24013","carroll-county-md",72864,13306,3801,-3.235990528808208,71350,2.1219341275402943,4.179592949919885
9,"Educational Services, & Health Care & Social Assistance",14,"Educational Services",2018,"2018","04000US24","Maryland",9435,549.516150809055,1.160421281379131,"Carroll County, MD","05000US24013","carroll-county-md",107573,7956,9293,1.5280318519315614,104966,2.48366137606463,10.721712746735758
9,"Educational Services, & Health Care & Social Assistance",15,"Health Care & Social Assistance",2018,"2018","04000US24","Maryland",10901,596.9690109210025,0.8932923920316702,"Carroll County, MD","05000US24013","carroll-county-md",103045,18492,10932,-0.28357116721551406,103459,-0.4001585169004147,12.387640768645099
10,"Arts, Entertainment, & Recreation, & Accommodation & Food Services",16,"Arts, Entertainment, & Recreation",2018,"2018","04000US24","Maryland",1470,213.71476317746516,0.7615212787701682,"Carroll County, MD","05000US24013","carroll-county-md",49926,18682,1358,8.24742268041237,52343,-4.617618401696502,1.6704735281082739
10,"Arts, Entertainment, & Recreation, & Accommodation & Food Services",17,"Accommodation & Food Services",2018,"2018","04000US24","Maryland",4730,432.20943997094747,0.7169919698071471,"Carroll County, MD","05000US24013","carroll-county-md",27416,4203,5173,-8.563696114440363,26014,5.3894057046205885,5.375061080239548
11,"Other Services, Except Public Administration (Group)",18,"Other Services, Except Public Administration",2018,"2018","04000US24","Maryland",4749,405.2024185515185,1.104740984371089,"Carroll County, MD","05000US24013","carroll-county-md",,,4793,-0.918005424577509,,NaN,5.396652234684485
12,"Public Administration (Group)",19,"Public Administration",2018,"2018","04000US24","Maryland",7463,528.2054524519791,1.8296187747541464,"Carroll County, MD","05000US24013","carroll-county-md",175081,15453,7356,1.454594888526373,168622,3.830461031182171,8.480778190661258
0,"Agriculture, Forestry, Fishing & Hunting, & Mining",0,"Agriculture, Forestry, Fishing & Hunting",2017,"2017","04000US24","Maryland",774,216.5848563496534,0.6737867033319386,"Carroll County, MD","05000US24013","carroll-county-md",50104,10587,925,-16.324324324324323,47857,4.695237896232526,0.8762098828323994
0,"Agriculture, Forestry, Fishing & Hunting, & Mining",1,"Mining, Quarrying, & Oil & Gas Extraction",2017,"2017","04000US24","Maryland",43,43.278170016764804,0.08529368397452497,"Carroll County, MD","05000US24013","carroll-county-md",70341,51699,28,53.57142857142857,71389,-1.4680132793567637,0.04867832682402219
1,"Construction (Group)",2,"Construction",2017,"2017","04000US24","Maryland",8291,550.5506334570873,1.477857406658264,"Carroll County, MD","05000US24013","carroll-county-md",88725,6000,8555,-3.0859146697837523,88232,0.5587541934898903,9.38586064413879
2,"Manufacturing (Group)",3,"Manufacturing",2017,"2017","04000US24","Maryland",5886,495.51589278246155,0.648354172736269,"Carroll County, MD","05000US24013","carroll-county-md",119914,11592,5939,-0.8924061289779425,117494,2.0596796432158238,6.663270504330107
3,"Wholesale Trade (Group)",4,"Wholesale Trade",2017,"2017","04000US24","Maryland",2028,225.07776433935004,0.855201092128602,"Carroll County, MD","05000US24013","carroll-county-md",106038,10445,2097,-3.290414878397711,107558,-1.4131910225180833,2.295805739514349
4,"Retail Trade (Group)",5,"Retail Trade",2017,"2017","04000US24","Maryland",9386,614.677964465947,0.9321287285062255,"Carroll County, MD","05000US24013","carroll-county-md",47735,5726,9681,-3.047205867162483,47526,0.43975928965197997,10.625459896983076
5,"Transportation & Warehousing, & Utilities",6,"Transportation & Warehousing",2017,"2017","04000US24","Maryland",2696,332.8618331981004,0.7154657156600401,"Carroll County, MD","05000US24013","carroll-county-md",99803,12255,2908,-7.290233837689134,97832,2.0146782238940224,3.0520178864549727
5,"Transportation & Warehousing, & Utilities",7,"Utilities",2017,"2017","04000US24","Maryland",539,127.75758294520135,0.7308382910147803,"Carroll County, MD","05000US24013","carroll-county-md",132273,32404,645,-16.434108527131784,131447,0.6283901496420611,0.6101771664685572
6,"Information (Group)",8,"Information",2017,"2017","04000US24","Maryland",2046,236.96624232155938,1.0992190547556504,"Carroll County, MD","05000US24013","carroll-county-md",102804,16322,1995,2.556390977443609,104386,-1.5155289023432261,2.316182713533707
7,"Finance & Insurance, & Real Estate & Rental & Leasing",9,"Finance & Insurance",2017,"2017","04000US24","Maryland",4258,373.44879167029046,1.0368693577173391,"Carroll County, MD","05000US24013","carroll-county-md",159363,17830,4083,4.286064168503551,152364,4.5936047885327245,4.820286409690383
7,"Finance & Insurance, & Real Estate & Rental & Leasing",10,"Real Estate & Rental & Leasing",2017,"2017","04000US24","Maryland",1797,262.03053257206494,1.0538339357887807,"Carroll County, MD","05000US24013","carroll-county-md",105802,27233,1718,4.59837019790454,106481,-0.6376724486058545,2.0343012395992526
8,"Professional, Scientific, & Management, & Administrative & Waste Management Services",11,"Professional, Scientific, & Technical Services",2017,"2017","04000US24","Maryland",7854,506.6537279049667,1.2854305421247278,"Carroll County, MD","05000US24013","carroll-county-md",142636,10354,7525,4.372093023255814,143810,-0.816354912732077,8.891152997113263
8,"Professional, Scientific, & Management, & Administrative & Waste Management Services",12,"Management of Companies & Enterprises",2017,"2017","04000US24","Maryland",31,23.345235059857504,0.3651958985989049,"Carroll County, MD","05000US24013","carroll-county-md",143182,41584,43,-27.906976744186046,45750,212.96612021857922,0.03509367747778344
8,"Professional, Scientific, & Management, & Administrative & Waste Management Services",13,"Administrative & Support & Waste Management Services",2017,"2017","04000US24","Maryland",3801,446.6060904197344,1.0062883769745827,"Carroll County, MD","05000US24013","carroll-county-md",71350,6522,3943,-3.6013187927973624,72532,-1.6296255445872168,4.302937680421124
9,"Educational Services, & Health Care & Social Assistance",14,"Educational Services",2017,"2017","04000US24","Maryland",9293,561.1773338259484,1.137250324649492,"Carroll County, MD","05000US24013","carroll-county-md",104966,8096,8732,6.424644983967018,101680,3.231707317073171,10.520178864549726
9,"Educational Services, & Health Care & Social Assistance",15,"Health Care & Social Assistance",2017,"2017","04000US24","Maryland",10932,686.4874361559722,0.8938835817614952,"Carroll County, MD","05000US24013","carroll-county-md",103459,16936,10995,-0.572987721691678,93159,11.056365997917538,12.3756155544235
10,"Arts, Entertainment, & Recreation, & Accommodation & Food Services",16,"Arts, Entertainment, & Recreation",2017,"2017","04000US24","Maryland",1358,218.68927728629038,0.7051748440084277,"Carroll County, MD","05000US24013","carroll-county-md",52343,15197,1438,-5.563282336578582,47819,9.46067462724022,1.537329484349352
10,"Arts, Entertainment, & Recreation, & Accommodation & Food Services",17,"Accommodation & Food Services",2017,"2017","04000US24","Maryland",5173,435.90824722640895,0.7802252846249511,"Carroll County, MD","05000US24013","carroll-county-md",26014,4115,5321,-2.7814320616425485,25328,2.708464939987366,5.856115922341088
11,"Other Services, Except Public Administration (Group)",18,"Other Services, Except Public Administration",2017,"2017","04000US24","Maryland",4793,417.73197148410844,1.108555529997764,"Carroll County, MD","05000US24013","carroll-county-md",,,4757,0.7567794828673533,,NaN,5.425935359710194
12,"Public Administration (Group)",19,"Public Administration",2017,"2017","04000US24","Maryland",7356,516.8539445530042,1.7849718085383144,"Carroll County, MD","05000US24013","carroll-county-md",168622,20810,7232,1.7146017699115044,157125,7.317104216388226,8.327390049244354
0,"Agriculture, Forestry, Fishing & Hunting, & Mining",0,"Agriculture, Forestry, Fishing & Hunting",2016,"2016","04000US24","Maryland",925,219.5449840010015,0.7875176074416361,"Carroll County, MD","05000US24013","carroll-county-md",47857,11936,982,-5.8044806517311605,45198,5.883003672728881,1.0444896115627824
0,"Agriculture, Forestry, Fishing & Hunting, & Mining",1,"Mining, Quarrying, & Oil & Gas Extraction",2016,"2016","04000US24","Maryland",28,36.235341863986875,0.05312909177521601,"Carroll County, MD","05000US24013","carroll-county-md",71389,52733,31,-9.67741935483871,,NaN,0.03161698283649503
1,"Construction (Group)",2,"Construction",2016,"2016","04000US24","Maryland",8555,510.06372150938165,1.5445244202866055,"Carroll County, MD","05000US24013","carroll-county-md",88232,4408,7823,9.357024159529592,86635,1.8433658452126738,9.66011743450768
2,"Manufacturing (Group)",3,"Manufacturing",2016,"2016","04000US24","Maryland",5939,496.1703336556912,0.6480162551054526,"Carroll County, MD","05000US24013","carroll-county-md",117494,10851,6485,-8.419429452582884,107907,8.88450239558138,6.7061878952122855
3,"Wholesale Trade (Group)",4,"Wholesale Trade",2016,"2016","04000US24","Maryland",2097,268.77871939571406,0.8775693372813725,"Carroll County, MD","05000US24013","carroll-county-md",107558,11785,2171,-3.408567480423768,109242,-1.5415316453378738,2.3678861788617884
4,"Retail Trade (Group)",5,"Retail Trade",2016,"2016","04000US24","Maryland",9681,620.206417251547,0.9501415850785856,"Carroll County, MD","05000US24013","carroll-county-md",47526,4226,9643,0.39406823602613295,49915,-4.786136431934288,10.931571815718156
5,"Transportation & Warehousing, & Utilities",6,"Transportation & Warehousing",2016,"2016","04000US24","Maryland",2908,324.49961479175903,0.7878909942110414,"Carroll County, MD","05000US24013","carroll-county-md",97832,7815,2736,6.286549707602338,95218,2.7452792539225777,3.283649503161698
5,"Transportation & Warehousing, & Utilities",7,"Utilities",2016,"2016","04000US24","Maryland",645,153.7693077307692,0.8671151130573033,"Carroll County, MD","05000US24013","carroll-county-md",131447,37401,708,-8.898305084745763,129323,1.6423992638587106,0.728319783197832
6,"Information (Group)",8,"Information",2016,"2016","04000US24","Maryland",1995,256.7372197403407,1.064563592064264,"Carroll County, MD","05000US24013","carroll-county-md",104386,10884,2048,-2.587890625,109243,-4.44605146325165,2.252710027100271
7,"Finance & Insurance, & Real Estate & Rental & Leasing",9,"Finance & Insurance",2016,"2016","04000US24","Maryland",4083,373.48360071092816,0.988689929344516,"Carroll County, MD","05000US24013","carroll-county-md",152364,19638,4036,1.1645193260654112,146338,4.11786412278424,4.610433604336044
7,"Finance & Insurance, & Real Estate & Rental & Leasing",10,"Real Estate & Rental & Leasing",2016,"2016","04000US24","Maryland",1718,237.34573937612615,1.014512034139872,"Carroll County, MD","05000US24013","carroll-county-md",106481,21040,1681,2.2010707911957166,110910,-3.9933279235416106,1.9399277326106596
8,"Professional, Scientific, & Management, & Administrative & Waste Management Services",11,"Professional, Scientific, & Technical Services",2016,"2016","04000US24","Maryland",7525,503.7588708896351,1.2498152815486905,"Carroll County, MD","05000US24013","carroll-county-md",143810,11621,7778,-3.25276420673695,141209,1.8419505838862962,8.49706413730804
8,"Professional, Scientific, & Management, & Administrative & Waste Management Services",12,"Management of Companies & Enterprises",2016,"2016","04000US24","Maryland",43,32.202484376209235,0.5624332123614317,"Carroll County, MD","05000US24013","carroll-county-md",45750,12044,42,2.380952380952381,40833,12.041730952905738,0.0485546522131888
8,"Professional, Scientific, & Management, & Administrative & Waste Management Services",13,"Administrative & Support & Waste Management Services",2016,"2016","04000US24","Maryland",3943,399.94124568491304,1.0416252871304221,"Carroll County, MD","05000US24013","carroll-county-md",72532,5987,3509,12.368196067255628,76342,-4.99069974588038,4.452348690153568
9,"Educational Services, & Health Care & Social Assistance",14,"Educational Services",2016,"2016","04000US24","Maryland",8732,502.22903141893346,1.0619257494438643,"Carroll County, MD","05000US24013","carroll-county-md",101680,8337,8634,1.1350474866805653,97616,4.163251925913785,9.859981933152664
9,"Educational Services, & Health Care & Social Assistance",15,"Health Care & Social Assistance",2016,"2016","04000US24","Maryland",10995,632.3321911780231,0.8980390245588503,"Carroll County, MD","05000US24013","carroll-county-md",93159,14700,11310,-2.7851458885941645,92355,0.8705538411564073,12.41531165311653
10,"Arts, Entertainment, & Recreation, & Accommodation & Food Services",16,"Arts, Entertainment, & Recreation",2016,"2016","04000US24","Maryland",1438,218.96118377465902,0.747441143673006,"Carroll County, MD","05000US24013","carroll-county-md",47819,12720,1441,-0.2081887578070784,40417,18.314075760199916,1.623757904245709
10,"Arts, Entertainment, & Recreation, & Accommodation & Food Services",17,"Accommodation & Food Services",2016,"2016","04000US24","Maryland",5321,430.41491609840847,0.8010430718117583,"Carroll County, MD","05000US24013","carroll-county-md",25328,4460,5264,1.0828267477203648,23872,6.099195710455764,6.008355916892502
11,"Other Services, Except Public Administration (Group)",18,"Other Services, Except Public Administration",2016,"2016","04000US24","Maryland",4757,464.400689060643,1.0926424509408001,"Carroll County, MD","05000US24013","carroll-county-md",,,4400,8.113636363636363,,NaN,5.371499548328817
12,"Public Administration (Group)",19,"Public Administration",2016,"2016","04000US24","Maryland",7232,518.4013888870284,1.7321701664230396,"Carroll County, MD","05000US24013","carroll-county-md",157125,19567,7474,-3.2378913567032384,147199,6.743252331877255,8.166214995483289
0,"Agriculture, Forestry, Fishing & Hunting, & Mining",0,"Agriculture, Forestry, Fishing & Hunting",2015,"2015","04000US24","Maryland",982,230.08259386576808,0.8256288641032332,"Carroll County, MD","05000US24013","carroll-county-md",45198,6922,851,15.393654524089307,45311,-0.2493875659332171,1.113429180461699
0,"Agriculture, Forestry, Fishing & Hunting, & Mining",1,"Mining, Quarrying, & Oil & Gas Extraction",2015,"2015","04000US24","Maryland",31,29.068883707497264,0.057763540786132724,"Carroll County, MD","05000US24013","carroll-county-md",,,28,10.714285714285714,,NaN,0.03514898634858724
1,"Construction (Group)",2,"Construction",2015,"2015","04000US24","Maryland",7823,527.3935911631843,1.4320696262023664,"Carroll County, MD","05000US24013","carroll-county-md",86635,6025,8143,-3.9297556183224858,89890,-3.621092446323284,8.870016780806386
2,"Manufacturing (Group)",3,"Manufacturing",2015,"2015","04000US24","Maryland",6485,479.95208094142066,0.7063848655867973,"Carroll County, MD","05000US24013","carroll-county-md",107907,14881,6566,-1.2336277794699968,105368,2.409649988611343,7.352941176470589
3,"Wholesale Trade (Group)",4,"Wholesale Trade",2015,"2015","04000US24","Maryland",2171,284.29737951659,0.9040086735741373,"Carroll County, MD","05000US24013","carroll-county-md",109242,9543,2203,-1.4525646845211075,110295,-0.9547123623011016,2.461562882670416
4,"Retail Trade (Group)",5,"Retail Trade",2015,"2015","04000US24","Maryland",9643,604.4667071063551,0.9465156572645914,"Carroll County, MD","05000US24013","carroll-county-md",49915,6399,10133,-4.835685384387645,52311,-4.5802985987650775,10.933602430949248
5,"Transportation & Warehousing, & Utilities",6,"Transportation & Warehousing",2015,"2015","04000US24","Maryland",2736,336.8798005223822,0.7553497827249902,"Carroll County, MD","05000US24013","carroll-county-md",95218,7026,2542,7.631785995279309,92137,3.3439334903458984,3.102181504830151
5,"Transportation & Warehousing, & Utilities",7,"Utilities",2015,"2015","04000US24","Maryland",708,169.72919607421701,0.9433371195021183,"Carroll County, MD","05000US24013","carroll-county-md",129323,55578,744,-4.838709677419355,133203,-2.9128473082438084,0.8027574946709602
6,"Information (Group)",8,"Information",2015,"2015","04000US24","Maryland",2048,260.6856344335069,1.09381185888925,"Carroll County, MD","05000US24013","carroll-county-md",109243,13328,1968,4.0650406504065035,108736,0.4662669217186581,2.322100775545376
7,"Finance & Insurance, & Real Estate & Rental & Leasing",9,"Finance & Insurance",2015,"2015","04000US24","Maryland",4036,367.2124725550591,0.976809929584184,"Carroll County, MD","05000US24013","carroll-county-md",146338,16600,3935,2.5667090216010164,152359,-3.9518505634718,4.576171254932197
7,"Finance & Insurance, & Real Estate & Rental & Leasing",10,"Real Estate & Rental & Leasing",2015,"2015","04000US24","Maryland",1681,246.91091510907333,1.0100945301991202,"Carroll County, MD","05000US24013","carroll-county-md",110910,30956,1640,2.5,90632,22.373995939623974,1.9059821307088758
8,"Professional, Scientific, & Management, & Administrative & Waste Management Services",11,"Professional, Scientific, & Technical Services",2015,"2015","04000US24","Maryland",7778,566.1280773817883,1.319428988116448,"Carroll County, MD","05000US24013","carroll-county-md",141209,10755,7935,-1.978575929426591,145968,-3.2603036281924807,8.818994058687469
8,"Professional, Scientific, & Management, & Administrative & Waste Management Services",12,"Management of Companies & Enterprises",2015,"2015","04000US24","Maryland",42,34.928498393145965,0.5968376915561163,"Carroll County, MD","05000US24013","carroll-county-md",40833,31207,65,-35.38461538461539,124427,-67.18316764046388,0.047621207310989164
8,"Professional, Scientific, & Management, & Administrative & Waste Management Services",13,"Administrative & Support & Waste Management Services",2015,"2015","04000US24","Maryland",3509,372.9785516621565,0.9328032868062477,"Carroll County, MD","05000US24013","carroll-county-md",76342,10050,3433,2.213807165744247,79204,-3.613453865966365,3.9786384870062133
9,"Educational Services, & Health Care & Social Assistance",14,"Educational Services",2015,"2015","04000US24","Maryland",8634,545.0229352972221,1.0485668928634955,"Carroll County, MD","05000US24013","carroll-county-md",97616,9959,8468,1.9603212092583846,105564,-7.529081883975598,9.7895596172162
9,"Educational Services, & Health Care & Social Assistance",15,"Health Care & Social Assistance",2015,"2015","04000US24","Maryland",11310,686.5347769778309,0.9283900251001405,"Carroll County, MD","05000US24013","carroll-county-md",92355,14950,11753,-3.7692504041521318,89950,2.6737076153418564,12.823710825887796
10,"Arts, Entertainment, & Recreation, & Accommodation & Food Services",16,"Arts, Entertainment, & Recreation",2015,"2015","04000US24","Maryland",1441,213.19005605327843,0.7566747718050361,"Carroll County, MD","05000US24013","carroll-county-md",40417,15215,1510,-4.56953642384106,36728,10.044108037464605,1.6338609460746518
10,"Arts, Entertainment, & Recreation, & Accommodation & Food Services",17,"Accommodation & Food Services",2015,"2015","04000US24","Maryland",5264,449.28498750792903,0.8026472450207384,"Carroll County, MD","05000US24013","carroll-county-md",23872,4278,5184,1.5432098765432098,25777,-7.390309190363502,5.9685246496439746
11,"Other Services, Except Public Administration (Group)",18,"Other Services, Except Public Administration",2015,"2015","04000US24","Maryland",4400,442.8747001127971,1.0101404528533298,"Carroll County, MD","05000US24013","carroll-county-md",,,4432,-0.7220216606498195,,NaN,4.988888384960769
12,"Public Administration (Group)",19,"Public Administration",2015,"2015","04000US24","Maryland",7474,511.15653179823505,1.765203975682111,"Carroll County, MD","05000US24013","carroll-county-md",147199,11565,7066,5.774129634871214,149799,-1.7356591165495099,8.474307224817453
0,"Agriculture, Forestry, Fishing & Hunting, & Mining",0,"Agriculture, Forestry, Fishing & Hunting",2014,"2014","04000US24","Maryland",851,204.02205763103166,0.7046971104691587,"Carroll County, MD","05000US24013","carroll-county-md",45311,21940,1089,-21.85491276400367,50995,-11.146190803019904,0.9605074549374146
0,"Agriculture, Forestry, Fishing & Hunting, & Mining",1,"Mining, Quarrying, & Oil & Gas Extraction",2014,"2014","04000US24","Maryland",28,24.18677324489565,0.05318797528834689,"Carroll County, MD","05000US24013","carroll-county-md",,,24,16.666666666666664,,NaN,0.03160306549735324
1,"Construction (Group)",2,"Construction",2014,"2014","04000US24","Maryland",8143,546.1172035378486,1.4906530469684875,"Carroll County, MD","05000US24013","carroll-county-md",89890,9948,8368,-2.6888145315487573,91484,-1.7423811814087709,9.190848655176694
2,"Manufacturing (Group)",3,"Manufacturing",2014,"2014","04000US24","Maryland",6566,555.6761646858716,0.7107791173480793,"Carroll County, MD","05000US24013","carroll-county-md",105368,13071,6648,-1.233453670276775,103888,1.4246111196673341,7.410918859129335
3,"Wholesale Trade (Group)",4,"Wholesale Trade",2014,"2014","04000US24","Maryland",2203,306.4718584144391,0.9057537577540068,"Carroll County, MD","05000US24013","carroll-county-md",110295,15757,2376,-7.281144781144781,110205,0.08166598611678236,2.4864840460953284
4,"Retail Trade (Group)",5,"Retail Trade",2014,"2014","04000US24","Maryland",10133,576.7122332671643,0.9883039226425959,"Carroll County, MD","05000US24013","carroll-county-md",52311,4866,10259,-1.2281898820547812,54148,-3.392553741597104,11.436923667310014
5,"Transportation & Warehousing, & Utilities",6,"Transportation & Warehousing",2014,"2014","04000US24","Maryland",2542,304.2433236736675,0.7058288028282201,"Carroll County, MD","05000US24013","carroll-county-md",92137,9555,2482,2.4174053182917,96282,-4.305062213082404,2.8691068747954263
5,"Transportation & Warehousing, & Utilities",7,"Utilities",2014,"2014","04000US24","Maryland",744,162.0493751916372,0.9743407535802313,"Carroll County, MD","05000US24013","carroll-county-md",133203,61342,821,-9.378806333739343,107681,23.70148865630891,0.8397385975011005
6,"Information (Group)",8,"Information",2014,"2014","04000US24","Maryland",1968,261.01532522057016,1.039805955638459,"Carroll County, MD","05000US24013","carroll-county-md",108736,17316,2051,-4.0468064358849345,112098,-2.999161448018698,2.221244032099685
7,"Finance & Insurance, & Real Estate & Rental & Leasing",9,"Finance & Insurance",2014,"2014","04000US24","Maryland",3935,398.10676959830766,0.9407466993674993,"Carroll County, MD","05000US24013","carroll-county-md",152359,18562,4176,-5.771072796934866,144134,5.706495344609877,4.44135938328875
7,"Finance & Insurance, & Real Estate & Rental & Leasing",10,"Real Estate & Rental & Leasing",2014,"2014","04000US24","Maryland",1640,236.34931774811622,0.9848673153158967,"Carroll County, MD","05000US24013","carroll-county-md",90632,20681,1344,22.023809523809522,88155,2.8098236061482615,1.8510366934164042
8,"Professional, Scientific, & Management, & Administrative & Waste Management Services",11,"Professional, Scientific, & Technical Services",2014,"2014","04000US24","Maryland",7935,621.5504806530198,1.3602113280843704,"Carroll County, MD","05000US24013","carroll-county-md",145968,13636,7529,5.392482401381325,160620,-9.122151662308555,8.956083025767784
8,"Professional, Scientific, & Management, & Administrative & Waste Management Services",12,"Management of Companies & Enterprises",2014,"2014","04000US24","Maryland",65,41.036569057366385,0.9653349366410866,"Carroll County, MD","05000US24013","carroll-county-md",124427,74599,71,-8.450704225352112,97374,27.78257029597223,0.0733642591902843
8,"Professional, Scientific, & Management, & Administrative & Waste Management Services",13,"Administrative & Support & Waste Management Services",2014,"2014","04000US24","Maryland",3433,393.2492848054526,0.916312928290337,"Carroll County, MD","05000US24013","carroll-county-md",79204,10975,3331,3.0621435004503152,75988,4.23224719692583,3.8747615661576313
9,"Educational Services, & Health Care & Social Assistance",14,"Educational Services",2014,"2014","04000US24","Maryland",8468,544.0082719959321,1.0150480321292066,"Carroll County, MD","05000US24013","carroll-county-md",105564,10034,8414,0.6417874970287616,104786,0.7424655965491573,9.557669951128117
9,"Educational Services, & Health Care & Social Assistance",15,"Health Care & Social Assistance",2014,"2014","04000US24","Maryland",11753,771.3585417949295,0.961388868536537,"Carroll County, MD","05000US24013","carroll-county-md",89950,13564,11475,2.422657952069717,94065,-4.374634561207675,13.265386742514023
10,"Arts, Entertainment, & Recreation, & Accommodation & Food Services",16,"Arts, Entertainment, & Recreation",2014,"2014","04000US24","Maryland",1510,258.31182706178976,0.7930976605912691,"Carroll County, MD","05000US24013","carroll-county-md",36728,10006,1380,9.420289855072465,39702,-7.490806508488237,1.7043081750358358
10,"Arts, Entertainment, & Recreation, & Accommodation & Food Services",17,"Accommodation & Food Services",2014,"2014","04000US24","Maryland",5184,509.97450916687984,0.7971729134652983,"Carroll County, MD","05000US24013","carroll-county-md",25777,5778,4654,11.388053287494628,26159,-1.4603004702014604,5.851081840652829
11,"Other Services, Except Public Administration (Group)",18,"Other Services, Except Public Administration",2014,"2014","04000US24","Maryland",4432,458.92591994787136,1.0087874522719038,"Carroll County, MD","05000US24013","carroll-county-md",,,4278,3.5998129967274424,,NaN,5.002313795866771
12,"Public Administration (Group)",19,"Public Administration",2014,"2014","04000US24","Maryland",7066,504.28761634606894,1.621273797554014,"Carroll County, MD","05000US24013","carroll-county-md",149799,14110,7103,-0.5209066591581022,153254,-2.25442729064168,7.9752593144392145
0,"Agriculture, Forestry, Fishing & Hunting, & Mining",0,"Agriculture, Forestry, Fishing & Hunting",2013,"2013","04000US24","Maryland",1089,232.77671704876326,0.9080369027442359,"Carroll County, MD","05000US24013","carroll-county-md",50995,26069,,NaN,,NaN,1.2392885186576081
0,"Agriculture, Forestry, Fishing & Hunting, & Mining",1,"Mining, Quarrying, & Oil & Gas Extraction",2013,"2013","04000US24","Maryland",24,22.80350850198276,0.048729319309001894,"Carroll County, MD","05000US24013","carroll-county-md",,,,NaN,,NaN,0.02731214366187566
1,"Construction (Group)",2,"Construction",2013,"2013","04000US24","Maryland",8368,573.7360020078921,1.5240079738163406,"Carroll County, MD","05000US24013","carroll-county-md",91484,7561,,NaN,,NaN,9.522834090107315
2,"Manufacturing (Group)",3,"Manufacturing",2013,"2013","04000US24","Maryland",6648,495.4523185938279,0.7218952664819261,"Carroll County, MD","05000US24013","carroll-county-md",103888,11957,,NaN,,NaN,7.565463794339558
3,"Wholesale Trade (Group)",4,"Wholesale Trade",2013,"2013","04000US24","Maryland",2376,312.3475628206502,0.9740994117545441,"Carroll County, MD","05000US24013","carroll-county-md",110205,11782,,NaN,,NaN,2.7039022225256906
4,"Retail Trade (Group)",5,"Retail Trade",2013,"2013","04000US24","Maryland",10259,632.8609641935581,1.0089677451223773,"Carroll County, MD","05000US24013","carroll-county-md",54148,5911,,NaN,,NaN,11.674803409465934
5,"Transportation & Warehousing, & Utilities",6,"Transportation & Warehousing",2013,"2013","04000US24","Maryland",2482,344.47786576208347,0.6936053385466471,"Carroll County, MD","05000US24013","carroll-county-md",96282,12073,,NaN,,NaN,2.824530857032308
5,"Transportation & Warehousing, & Utilities",7,"Utilities",2013,"2013","04000US24","Maryland",821,172.18594600024707,1.0744893423200779,"Carroll County, MD","05000US24013","carroll-county-md",107681,24233,,NaN,,NaN,0.93430291443333
6,"Information (Group)",8,"Information",2013,"2013","04000US24","Maryland",2051,269.0167281044062,1.0833929432218437,"Carroll County, MD","05000US24013","carroll-county-md",112098,19321,,NaN,,NaN,2.3340502771044576
7,"Finance & Insurance, & Real Estate & Rental & Leasing",9,"Finance & Insurance",2013,"2013","04000US24","Maryland",4176,440.5326321624767,0.9946402213220653,"Carroll County, MD","05000US24013","carroll-county-md",144134,24256,,NaN,,NaN,4.752312997166365
7,"Finance & Insurance, & Real Estate & Rental & Leasing",10,"Real Estate & Rental & Leasing",2013,"2013","04000US24","Maryland",1344,260.93102536877444,0.8061431132464516,"Carroll County, MD","05000US24013","carroll-county-md",88155,16471,,NaN,,NaN,1.529480045065037
8,"Professional, Scientific, & Management, & Administrative & Waste Management Services",11,"Professional, Scientific, & Technical Services",2013,"2013","04000US24","Maryland",7529,524.1011352782973,1.3133842843321355,"Carroll County, MD","05000US24013","carroll-county-md",160620,13120,,NaN,,NaN,8.568047067927576
8,"Professional, Scientific, & Management, & Administrative & Waste Management Services",12,"Management of Companies & Enterprises",2013,"2013","04000US24","Maryland",71,41.725292090050125,1.051735459661045,"Carroll County, MD","05000US24013","carroll-county-md",97374,60189,,NaN,,NaN,0.0807984249997155
8,"Professional, Scientific, & Management, & Administrative & Waste Management Services",13,"Administrative & Support & Waste Management Services",2013,"2013","04000US24","Maryland",3331,383.29362113137233,0.9058184630216628,"Carroll County, MD","05000US24013","carroll-county-md",75988,13045,,NaN,,NaN,3.7906979390711597
9,"Educational Services, & Health Care & Social Assistance",14,"Educational Services",2013,"2013","04000US24","Maryland",8414,581.9759445200463,1.0117148390085606,"Carroll County, MD","05000US24013","carroll-county-md",104786,9151,,NaN,,NaN,9.575182365459241
9,"Educational Services, & Health Care & Social Assistance",15,"Health Care & Social Assistance",2013,"2013","04000US24","Maryland",11475,699.8871337580082,0.9527309718909979,"Carroll County, MD","05000US24013","carroll-county-md",94065,15955,,NaN,,NaN,13.0586186883343
10,"Arts, Entertainment, & Recreation, & Accommodation & Food Services",16,"Arts, Entertainment, & Recreation",2013,"2013","04000US24","Maryland",1380,242.42524621004307,0.7367739748356463,"Carroll County, MD","05000US24013","carroll-county-md",39702,16854,,NaN,,NaN,1.5704482605578507
10,"Arts, Entertainment, & Recreation, & Accommodation & Food Services",17,"Accommodation & Food Services",2013,"2013","04000US24","Maryland",4654,422.19071519871204,0.7338156230838411,"Carroll County, MD","05000US24013","carroll-county-md",26159,4152,,NaN,,NaN,5.296279858432055
11,"Other Services, Except Public Administration (Group)",18,"Other Services, Except Public Administration",2013,"2013","04000US24","Maryland",4278,452.6897392254434,0.9806223518270135,"Carroll County, MD","05000US24013","carroll-county-md",,,,NaN,,NaN,4.868389607729337
12,"Public Administration (Group)",19,"Public Administration",2013,"2013","04000US24","Maryland",7103,526.6080136116426,1.630254352386155,"Carroll County, MD","05000US24013","carroll-county-md",153254,13770,,NaN,,NaN,8.083256517929284