ID Group,Group,ID Subgroup,Subgroup,ID Occupation,Occupation,ID Year,Year,ID State,State,Workforce by Occupation and Gender,Workforce by Occupation and Gender Moe,ACS Occupation yg RCA,Geography,ID Geography,Slug Geography,Median Earnings,Median Earnings Moe,Workforce Prev,Workforce Growth,Median Earnings Prev,Median Earnings Growth,Share
0,"Management, Business, Science, & Arts Occupations",0,"Management, Business, & Financial Occupations",0,"Management Occupations",2021,"2021","04000US24","Maryland",12462,779.4215804043407,1.2789157851490895,"Carroll County, MD","05000US24013","carroll-county-md",185698,9600,11997,3.875968992248062,176162,5.41319921435951,13.787991104521868
0,"Management, Business, Science, & Arts Occupations",0,"Management, Business, & Financial Occupations",1,"Business & Financial Operations Occupations",2021,"2021","04000US24","Maryland",5765,497.1217154782116,1.1286451540597067,"Carroll County, MD","05000US24013","carroll-county-md",155637,10103,5309,8.589188171030326,154285,0.8763003532423761,6.3784118694887315
0,"Management, Business, Science, & Arts Occupations",1,"Computer, Engineering, & Science Occupations",2,"Computer & Mathematical Occupations",2021,"2021","04000US24","Maryland",4584,458.8518279357728,1.4960394781552826,"Carroll County, MD","05000US24013","carroll-county-md",201947,13559,4337,5.695181000691722,196399,2.824861633715039,5.071750218514544
0,"Management, Business, Science, & Arts Occupations",1,"Computer, Engineering, & Science Occupations",3,"Architecture & Engineering Occupations",2021,"2021","04000US24","Maryland",2272,351.9232870953555,1.2186394048211848,"Carroll County, MD","05000US24013","carroll-county-md",170779,27581,2106,7.88224121557455,161847,5.5187924397733665,2.513747054202671
0,"Management, Business, Science, & Arts Occupations",1,"Computer, Engineering, & Science Occupations",4,"Life, Physical, & Social Science Occupations",2021,"2021","04000US24","Maryland",1018,215.79620015190258,1.0798893043301705,"Carroll County, MD","05000US24013","carroll-county-md",157162,76806,913,11.500547645125959,138911,13.138628330369805,1.1263180022791897
0,"Management, Business, Science, & Arts Occupations",2,"Education, Legal, Community Service, Arts, & Media Occupations",5,"Community & Social Service Occupations",2021,"2021","04000US24","Maryland",1328,252.24789394561856,0.8224666309802535,"Carroll County, MD","05000US24013","carroll-county-md",109423,26796,1201,10.574521232306411,107582,1.7112528118086667,1.4693028556255048
0,"Management, Business, Science, & Arts Occupations",2,"Education, Legal, Community Service, Arts, & Media Occupations",6,"Legal Occupations",2021,"2021","04000US24","Maryland",620,137.24430771438207,0.5867575347277951,"Carroll County, MD","05000US24013","carroll-county-md",136191,41306,678,-8.55457227138643,131684,3.4225874062148782,0.6859697066926302
0,"Management, Business, Science, & Arts Occupations",2,"Education, Legal, Community Service, Arts, & Media Occupations",7,"Education Instruction, & Library Occupations",2021,"2021","04000US24","Maryland",7100,640.4638943765682,1.2739643097344155,"Carroll County, MD","05000US24013","carroll-county-md",118157,15244,6819,4.120838832673412,107353,10.063994485482473,7.855459544383346
0,"Management, Business, Science, & Arts Occupations",2,"Education, Legal, Community Service, Arts, & Media Occupations",8,"Arts, Design, Entertainment, Sports, & Media Occupations",2021,"2021","04000US24","Maryland",1663,258.99034731047414,0.89945842708801,"Carroll County, MD","05000US24013","carroll-county-md",97352,30482,1469,13.206262763784887,93976,3.5924065718906952,1.839947777790071
0,"Management, Business, Science, & Arts Occupations",3,"Healthcare Practitioners & Technical Occupations",9,"Health Diagnosing & Treating Practitioners & Other Technical Occupations",2021,"2021","04000US24","Maryland",4345,473.609543822757,1.134196668081467,"Carroll County, MD","05000US24013","carroll-county-md",158760,17022,4406,-1.3844757149341806,160221,-0.9118654857977418,4.8073199606120625
0,"Management, Business, Science, & Arts Occupations",3,"Healthcare Practitioners & Technical Occupations",10,"Health Technologists & Technicians",2021,"2021","04000US24","Maryland",1779,319.86247044628414,1.0036233075809713,"Carroll County, MD","05000US24013","carroll-county-md",93821,36251,1990,-10.603015075376884,89571,4.744839289502183,1.9682904971067567
1,"Service Occupations",4,"Service Occupations",11,"Healthcare Support Occupations",2021,"2021","04000US24","Maryland",2213,344.41980198589044,0.7467962197987127,"Carroll County, MD","05000US24013","carroll-county-md",49177,7513,2168,2.0756457564575648,41674,18.004031290492872,2.448469291791598
1,"Service Occupations",4,"Service Occupations",14,"Food Preparation & Serving Related Occupations",2021,"2021","04000US24","Maryland",3511,377.0795672003457,0.7221863653368593,"Carroll County, MD","05000US24013","carroll-county-md",29354,3912,3392,3.5082547169811322,31119,-5.671776085349786,3.884580064835201
1,"Service Occupations",4,"Service Occupations",15,"Building & Grounds Cleaning & Maintenance Occupations",2021,"2021","04000US24","Maryland",2171,312.6179777300083,0.6686118519474101,"Carroll County, MD","05000US24013","carroll-county-md",49485,14284,2400,-9.541666666666666,51555,-4.015129473377946,2.402000376176936
1,"Service Occupations",4,"Service Occupations",16,"Personal Care & Service Occupations",2021,"2021","04000US24","Maryland",2370,346.27301367562563,0.995776688082231,"Carroll County, MD","05000US24013","carroll-county-md",42295,23841,2571,-7.8179696616102685,39128,8.09394806787978,2.6221745239702154
1,"Service Occupations",5,"Protective Service Occupations",12,"Fire Fighting & Prevention, & Other Protective Service Workers Including Supervisors",2021,"2021","04000US24","Maryland",1248,237.69307941124413,1.1727805433190477,"Carroll County, MD","05000US24013","carroll-county-md",87750,31540,977,27.73797338792221,111126,-21.035581232114897,1.380790635407101
1,"Service Occupations",5,"Protective Service Occupations",13,"Law Enforcement Workers Including Supervisors",2021,"2021","04000US24","Maryland",1164,253.5843055080499,1.326528147685635,"Carroll County, MD","05000US24013","carroll-county-md",167247,32315,921,26.384364820846905,139759,19.668143017623194,1.2878528041777768
2,"Sales & Office Occupations",6,"Sales & Office Occupations",17,"Sales & Related Occupations",2021,"2021","04000US24","Maryland",8041,596.858442178713,0.9106244342798782,"Carroll County, MD","05000US24013","carroll-county-md",85414,14774,8217,-2.14190093708166,80299,6.369942340502373,8.896584534702322
2,"Sales & Office Occupations",6,"Sales & Office Occupations",18,"Office & Administrative Support Occupations",2021,"2021","04000US24","Maryland",9816,619.1090372462672,0.9789857514903196,"Carroll County, MD","05000US24013","carroll-county-md",91815,13527,9626,1.9738209017244963,88053,4.27242683383871,10.860449420798158
3,"Natural Resources, Construction, & Maintenance Occupations",7,"Natural Resources, Construction, & Maintenance Occupations",19,"Farming, Fishing, & Forestry Occupations",2021,"2021","04000US24","Maryland",266,96.64884893261792,0.47533864525567054,"Carroll County, MD","05000US24013","carroll-county-md",31597,19923,332,-19.879518072289155,35102,-9.98518602928608,0.294303132226193
3,"Natural Resources, Construction, & Maintenance Occupations",7,"Natural Resources, Construction, & Maintenance Occupations",20,"Construction & Extraction Occupations",2021,"2021","04000US24","Maryland",5481,612.2123814494444,1.2072895538226724,"Carroll County, MD","05000US24013","carroll-county-md",78513,25987,5752,-4.7114047287899865,83030,-5.4402023365048775,6.064193487713397
3,"Natural Resources, Construction, & Maintenance Occupations",7,"Natural Resources, Construction, & Maintenance Occupations",21,"Installation, Maintenance, & Repair Occupations",2021,"2021","04000US24","Maryland",3606,444.2848185567452,1.3004559651091157,"Carroll County, MD","05000US24013","carroll-county-md",132495,26024,3376,6.812796208530806,120952,9.543455254977182,3.989688326344556
4,"Production, Transportation, & Material Moving Occupations",8,"Production, Transportation, & Material Moving Occupations",22,"Production Occupations",2021,"2021","04000US24","Maryland",3387,502.4669143336704,0.6785391260863121,"Carroll County, MD","05000US24013","carroll-county-md",79379,19330,2915,16.192109777015435,77088,2.971928185969282,3.747386123496675
4,"Production, Transportation, & Material Moving Occupations",8,"Production, Transportation, & Material Moving Occupations",23,"Transportation Occupations",2021,"2021","04000US24","Maryland",1876,310.42068230064825,0.5435979708004295,"Carroll County, MD","05000US24013","carroll-county-md",71386,28890,2147,-12.622263623660924,66585,7.210332657505444,2.0756115641215716
0,"Management, Business, Science, & Arts Occupations",0,"Management, Business, & Financial Occupations",0,"Management Occupations",2020,"2020","04000US24","Maryland",11997,687.3376171867797,1.2949453869971126,"Carroll County, MD","05000US24013","carroll-county-md",176162,9597,11698,2.555992477346555,164325,7.203407880724175,13.601423971701966
0,"Management, Business, Science, & Arts Occupations",0,"Management, Business, & Financial Occupations",1,"Business & Financial Operations Occupations",2020,"2020","04000US24","Maryland",5309,477.1425363557519,1.089909736518691,"Carroll County, MD","05000US24013","carroll-county-md",154285,11944,4828,9.962717481358741,164682,-6.313379725774523,6.0190014058319345
0,"Management, Business, Science, & Arts Occupations",1,"Computer, Engineering, & Science Occupations",2,"Computer & Mathematical Occupations",2020,"2020","04000US24","Maryland",4337,371.8077460193642,1.5110062072798325,"Carroll County, MD","05000US24013","carroll-county-md",196399,21232,4663,-6.991207377224963,191844,2.3743249723733864,4.917010566414222
0,"Management, Business, Science, & Arts Occupations",1,"Computer, Engineering, & Science Occupations",3,"Architecture & Engineering Occupations",2020,"2020","04000US24","Maryland",2106,304.40105124654224,1.2050989545237558,"Carroll County, MD","05000US24013","carroll-county-md",161847,33838,2094,0.5730659025787965,162328,-0.2963136365876497,2.387646818738379
0,"Management, Business, Science, & Arts Occupations",1,"Computer, Engineering, & Science Occupations",4,"Life, Physical, & Social Science Occupations",2020,"2020","04000US24","Maryland",913,201.13676938839401,1.0416204247655882,"Carroll County, MD","05000US24013","carroll-county-md",138911,40985,693,31.746031746031743,144045,-3.5641639765351103,1.0351004489592308
0,"Management, Business, Science, & Arts Occupations",2,"Education, Legal, Community Service, Arts, & Media Occupations",5,"Community & Social Service Occupations",2020,"2020","04000US24","Maryland",1201,280.95729212818094,0.7668229695689975,"Carroll County, MD","05000US24013","carroll-county-md",107582,19444,1221,-1.638001638001638,101072,6.440952984011397,1.361616253231146
0,"Management, Business, Science, & Arts Occupations",2,"Education, Legal, Community Service, Arts, & Media Occupations",6,"Legal Occupations",2020,"2020","04000US24","Maryland",678,143.96180048887967,0.6733222435927156,"Carroll County, MD","05000US24013","carroll-county-md",131684,36789,632,7.2784810126582276,143776,-8.410304918762519,0.7686726225568001
0,"Management, Business, Science, & Arts Occupations",2,"Education, Legal, Community Service, Arts, & Media Occupations",7,"Education Instruction, & Library Occupations",2020,"2020","04000US24","Maryland",6819,602.5080912319768,1.2618175696263996,"Carroll County, MD","05000US24013","carroll-county-md",107353,11537,6674,2.1726101288582558,101393,5.878117818784334,7.730941907396489
0,"Management, Business, Science, & Arts Occupations",2,"Education, Legal, Community Service, Arts, & Media Occupations",8,"Arts, Design, Entertainment, Sports, & Media Occupations",2020,"2020","04000US24","Maryland",1469,258.00193797721755,0.8152422440532836,"Carroll County, MD","05000US24013","carroll-county-md",93976,23444,1526,-3.7352555701179555,82861,13.41403072615585,1.6654573488730668
0,"Management, Business, Science, & Arts Occupations",3,"Healthcare Practitioners & Technical Occupations",9,"Health Diagnosing & Treating Practitioners & Other Technical Occupations",2020,"2020","04000US24","Maryland",4406,470.6187416582556,1.1991494724544927,"Carroll County, MD","05000US24013","carroll-county-md",160221,26960,4063,8.44203790302732,179520,-10.75033422459893,4.995238311187701
0,"Management, Business, Science, & Arts Occupations",3,"Healthcare Practitioners & Technical Occupations",10,"Health Technologists & Technicians",2020,"2020","04000US24","Maryland",1990,358.71018942873644,1.1507043852680905,"Carroll County, MD","05000US24013","carroll-county-md",89571,23996,1935,2.842377260981912,93436,-4.1365212551907184,2.2561335086844134
1,"Service Occupations",4,"Service Occupations",11,"Healthcare Support Occupations",2020,"2020","04000US24","Maryland",2168,286.3861030147936,0.7506186255464159,"Carroll County, MD","05000US24013","carroll-county-md",41674,10118,1952,11.065573770491802,36086,15.485229728980768,2.457938415491361
1,"Service Occupations",4,"Service Occupations",14,"Food Preparation & Serving Related Occupations",2020,"2020","04000US24","Maryland",3392,431.3374549004526,0.6921240686688509,"Carroll County, MD","05000US24013","carroll-county-md",31119,6916,3421,-0.8477053493130663,30142,3.241324397850176,3.845630583647
1,"Service Occupations",4,"Service Occupations",15,"Building & Grounds Cleaning & Maintenance Occupations",2020,"2020","04000US24","Maryland",2400,327.53625753494833,0.7398344371184452,"Carroll County, MD","05000US24013","carroll-county-md",51555,13286,2557,-6.140007821666015,46489,10.897201488524166,2.7209650355992925
1,"Service Occupations",4,"Service Occupations",16,"Personal Care & Service Occupations",2020,"2020","04000US24","Maryland",2571,408.64777009057565,1.0662693425558878,"Carroll County, MD","05000US24013","carroll-county-md",39128,16753,2566,0.19485580670303976,47505,-17.633933270182087,2.9148337943857423
1,"Service Occupations",5,"Protective Service Occupations",12,"Fire Fighting & Prevention, & Other Protective Service Workers Including Supervisors",2020,"2020","04000US24","Maryland",977,182.98907071188708,0.9448386685522898,"Carroll County, MD","05000US24013","carroll-county-md",111126,53386,1150,-15.043478260869565,86232,28.868633453938212,1.107659516575212
1,"Service Occupations",5,"Protective Service Occupations",13,"Law Enforcement Workers Including Supervisors",2020,"2020","04000US24","Maryland",921,173.97126199461798,1.0800821737839377,"Carroll County, MD","05000US24013","carroll-county-md",139759,14423,1102,-16.424682395644282,145361,-3.853853509538322,1.0441703324112286
2,"Sales & Office Occupations",6,"Sales & Office Occupations",17,"Sales & Related Occupations",2020,"2020","04000US24","Maryland",8217,652.533524043018,0.9312385514135678,"Carroll County, MD","05000US24013","carroll-county-md",80299,12616,8392,-2.085319351763584,80480,-0.22490059642147117,9.315904040633077
2,"Sales & Office Occupations",6,"Sales & Office Occupations",18,"Office & Administrative Support Occupations",2020,"2020","04000US24","Maryland",9626,624.4397488949594,0.9637230730830211,"Carroll County, MD","05000US24013","carroll-county-md",88053,7731,10085,-4.551313832424393,90313,-2.50240829116517,10.913337263616164
3,"Natural Resources, Construction, & Maintenance Occupations",7,"Natural Resources, Construction, & Maintenance Occupations",19,"Farming, Fishing, & Forestry Occupations",2020,"2020","04000US24","Maryland",332,123.03251602726817,0.5860168596575763,"Carroll County, MD","05000US24013","carroll-county-md",35102,35783,350,-5.142857142857142,41936,-16.296260969095766,0.3764001632579021
3,"Natural Resources, Construction, & Maintenance Occupations",7,"Natural Resources, Construction, & Maintenance Occupations",20,"Construction & Extraction Occupations",2020,"2020","04000US24","Maryland",5752,609.1633606841436,1.2968636662175173,"Carroll County, MD","05000US24013","carroll-county-md",83030,39627,5125,12.234146341463415,77168,7.5964130209413225,6.521246201986304
3,"Natural Resources, Construction, & Maintenance Occupations",7,"Natural Resources, Construction, & Maintenance Occupations",21,"Installation, Maintenance, & Repair Occupations",2020,"2020","04000US24","Maryland",3376,472.055081531806,1.2481669934191293,"Carroll County, MD","05000US24013","carroll-county-md",120952,24397,3465,-2.5685425685425685,121054,-0.08425991706180713,3.8274908167430044
4,"Production, Transportation, & Material Moving Occupations",8,"Production, Transportation, & Material Moving Occupations",22,"Production Occupations",2020,"2020","04000US24","Maryland",2915,446.75384721342914,0.5919821166182726,"Carroll County, MD","05000US24013","carroll-county-md",77088,13754,2682,8.687546607009693,80614,-4.373930086585457,3.304838782821641
4,"Production, Transportation, & Material Moving Occupations",8,"Production, Transportation, & Material Moving Occupations",23,"Transportation Occupations",2020,"2020","04000US24","Maryland",2147,319.4010018769509,0.639537613805356,"Carroll County, MD","05000US24013","carroll-county-md",66585,13772,2641,-18.705035971223023,74033,-10.060378479867087,2.434129971429867
0,"Management, Business, Science, & Arts Occupations",0,"Management, Business, & Financial Occupations",0,"Management Occupations",2019,"2019","04000US24","Maryland",11698,703.7279303821897,1.3073277408830202,"Carroll County, MD","05000US24013","carroll-county-md",164325,9713,11467,2.0144763233626928,160259,2.5371429997691237,13.349004929706043
0,"Management, Business, Science, & Arts Occupations",0,"Management, Business, & Financial Occupations",1,"Business & Financial Operations Occupations",2019,"2019","04000US24","Maryland",4828,391.0818328687744,1.0282421536942605,"Carroll County, MD","05000US24013","carroll-county-md",164682,19502,5189,-6.957024474850646,166137,-0.8757832391339678,5.509402957823626
0,"Management, Business, Science, & Arts Occupations",1,"Computer, Engineering, & Science Occupations",2,"Computer & Mathematical Occupations",2019,"2019","04000US24","Maryland",4663,418.80783182743846,1.701877447343733,"Carroll County, MD","05000US24013","carroll-county-md",191844,17518,4432,5.212093862815884,188091,1.9953107804201158,5.321115574219464
0,"Management, Business, Science, & Arts Occupations",1,"Computer, Engineering, & Science Occupations",3,"Architecture & Engineering Occupations",2019,"2019","04000US24","Maryland",2094,254.24397731313127,1.2557051086453126,"Carroll County, MD","05000US24013","carroll-county-md",162328,31607,1757,19.180421172453045,149542,8.550106324644581,2.389538068285558
0,"Management, Business, Science, & Arts Occupations",1,"Computer, Engineering, & Science Occupations",4,"Life, Physical, & Social Science Occupations",2019,"2019","04000US24","Maryland",693,148.66068747318505,0.8270063757203607,"Carroll County, MD","05000US24013","carroll-county-md",144045,46642,635,9.133858267716535,124532,15.669064979282432,0.790807011137484
0,"Management, Business, Science, & Arts Occupations",2,"Education, Legal, Community Service, Arts, & Media Occupations",5,"Community & Social Service Occupations",2019,"2019","04000US24","Maryland",1221,266.1766330841233,0.7965244677228364,"Carroll County, MD","05000US24013","carroll-county-md",101072,7487,1222,-0.08183306055646482,95920,5.371142618849041,1.3933266386708052
0,"Management, Business, Science, & Arts Occupations",2,"Education, Legal, Community Service, Arts, & Media Occupations",6,"Legal Occupations",2019,"2019","04000US24","Maryland",632,130.38404810405297,0.6502339759129016,"Carroll County, MD","05000US24013","carroll-county-md",143776,44983,630,0.31746031746031744,134177,7.1539831714824444,0.7211977359868541
0,"Management, Business, Science, & Arts Occupations",2,"Education, Legal, Community Service, Arts, & Media Occupations",7,"Education Instruction, & Library Occupations",2019,"2019","04000US24","Maryland",6674,521.3185206761793,1.2568107778373567,"Carroll County, MD","05000US24013","carroll-county-md",101393,8899,6248,6.8181818181818175,107044,-5.279137550913643,7.615939382873836
0,"Management, Business, Science, & Arts Occupations",2,"Education, Legal, Community Service, Arts, & Media Occupations",8,"Arts, Design, Entertainment, Sports, & Media Occupations",2019,"2019","04000US24","Maryland",1526,252.8734861546382,0.8611157940212676,"Carroll County, MD","05000US24013","carroll-county-md",82861,34300,1664,-8.29326923076923,80451,2.9956122360194404,1.7413730144239545
0,"Management, Business, Science, & Arts Occupations",3,"Healthcare Practitioners & Technical Occupations",9,"Health Diagnosing & Treating Practitioners & Other Technical Occupations",2019,"2019","04000US24","Maryland",4063,366.2703919237808,1.136671347829163,"Carroll County, MD","05000US24013","carroll-county-md",179520,32329,3709,9.54435157724454,185657,-3.305558099075176,4.636434179295234
0,"Management, Business, Science, & Arts Occupations",3,"Healthcare Practitioners & Technical Occupations",10,"Health Technologists & Technicians",2019,"2019","04000US24","Maryland",1935,297.54327416360803,1.133958158058566,"Carroll County, MD","05000US24013","carroll-county-md",93436,14709,1830,5.737704918032787,92077,1.4759386165926345,2.208097498630637
1,"Service Occupations",4,"Service Occupations",11,"Healthcare Support Occupations",2019,"2019","04000US24","Maryland",1952,305.8512710452582,0.6818812557124784,"Carroll County, MD","05000US24013","carroll-county-md",36086,9523,2126,-8.184383819379114,40955,-11.88865828348187,2.227496804820157
1,"Service Occupations",4,"Service Occupations",14,"Food Preparation & Serving Related Occupations",2019,"2019","04000US24","Maryland",3421,396.86899601757756,0.6811417639268312,"Carroll County, MD","05000US24013","carroll-county-md",30142,5837,3585,-4.574616457461646,25310,19.09126827340972,3.90382508672631
1,"Service Occupations",4,"Service Occupations",15,"Building & Grounds Cleaning & Maintenance Occupations",2019,"2019","04000US24","Maryland",2557,329.2202909906982,0.7655310312603831,"Carroll County, MD","05000US24013","carroll-county-md",46489,10443,2728,-6.268328445747801,48506,-4.158248464107532,2.9178838780354206
1,"Service Occupations",4,"Service Occupations",16,"Personal Care & Service Occupations",2019,"2019","04000US24","Maryland",2566,283.11481769769665,1.0412992228400573,"Carroll County, MD","05000US24013","carroll-county-md",47505,15166,2553,0.509204857030944,41486,14.508508894566841,2.9281540989592845
1,"Service Occupations",5,"Protective Service Occupations",12,"Fire Fighting & Prevention, & Other Protective Service Workers Including Supervisors",2019,"2019","04000US24","Maryland",1150,208.54256160314134,1.1185023184826777,"Carroll County, MD","05000US24013","carroll-county-md",86232,37659,1220,-5.737704918032787,95471,-9.677284201485268,1.3123060069381047
1,"Service Occupations",5,"Protective Service Occupations",13,"Law Enforcement Workers Including Supervisors",2019,"2019","04000US24","Maryland",1102,236.8902699563661,1.3121477740832406,"Carroll County, MD","05000US24013","carroll-county-md",145361,18585,1128,-2.304964539007092,139509,4.194711452307737,1.2575314953441665
2,"Sales & Office Occupations",6,"Sales & Office Occupations",17,"Sales & Related Occupations",2019,"2019","04000US24","Maryland",8392,563.4012779538222,0.9374700717275614,"Carroll County, MD","05000US24013","carroll-county-md",80480,12719,8537,-1.6984889305376596,83301,-3.3865139674193587,9.576410443673545
2,"Sales & Office Occupations",6,"Sales & Office Occupations",18,"Office & Administrative Support Occupations",2019,"2019","04000US24","Maryland",10085,578.3424591018717,1.0082347186079035,"Carroll County, MD","05000US24013","carroll-county-md",90313,6917,10433,-3.335569826512029,87072,3.7222069092245498,11.508353113018076
3,"Natural Resources, Construction, & Maintenance Occupations",7,"Natural Resources, Construction, & Maintenance Occupations",19,"Farming, Fishing, & Forestry Occupations",2019,"2019","04000US24","Maryland",350,122.54386969571345,0.5906126157292827,"Carroll County, MD","05000US24013","carroll-county-md",41936,26230,332,5.421686746987952,42206,-0.6397194711652372,0.39939748037246664
3,"Natural Resources, Construction, & Maintenance Occupations",7,"Natural Resources, Construction, & Maintenance Occupations",20,"Construction & Extraction Occupations",2019,"2019","04000US24","Maryland",5125,395.59196149568055,1.147465783618001,"Carroll County, MD","05000US24013","carroll-county-md",77168,15354,5187,-1.1952959321380374,74538,3.5284016206498703,5.848320248311119
3,"Natural Resources, Construction, & Maintenance Occupations",7,"Natural Resources, Construction, & Maintenance Occupations",21,"Installation, Maintenance, & Repair Occupations",2019,"2019","04000US24","Maryland",3465,393.45139471096047,1.2822548439992956,"Carroll County, MD","05000US24013","carroll-county-md",121054,18036,3788,-8.526927138331573,111000,9.057657657657657,3.95403505568742
4,"Production, Transportation, & Material Moving Occupations",8,"Production, Transportation, & Material Moving Occupations",22,"Production Occupations",2019,"2019","04000US24","Maryland",2682,296.8164415931166,0.5347645534375258,"Carroll County, MD","05000US24013","carroll-county-md",80614,13461,2723,-1.5056922511935367,77327,4.250779158637992,3.0605258353113016
4,"Production, Transportation, & Material Moving Occupations",8,"Production, Transportation, & Material Moving Occupations",23,"Transportation Occupations",2019,"2019","04000US24","Maryland",2641,368.58241954819283,0.7936134163689705,"Carroll County, MD","05000US24013","carroll-county-md",74033,18725,2730,-3.2600732600732605,64990,13.914448376673336,3.0137392733248127
0,"Management, Business, Science, & Arts Occupations",0,"Management, Business, & Financial Occupations",0,"Management Occupations",2018,"2018","04000US24","Maryland",11467,604.4667071063551,1.303944409683129,"Carroll County, MD","05000US24013","carroll-county-md",160259,8168,12084,-5.105925190334326,158733,0.9613627916060302,13.030829895794271
0,"Management, Business, Science, & Arts Occupations",0,"Management, Business, & Financial Occupations",1,"Business & Financial Operations Occupations",2018,"2018","04000US24","Maryland",5189,397.200201409818,1.1092968293903647,"Carroll County, MD","05000US24013","carroll-county-md",166137,17221,4716,10.029686174724342,147446,12.676505296854442,5.896657916567234
0,"Management, Business, Science, & Arts Occupations",1,"Computer, Engineering, & Science Occupations",2,"Computer & Mathematical Occupations",2018,"2018","04000US24","Maryland",4432,383.30144794926093,1.6600897291189012,"Carroll County, MD","05000US24013","carroll-county-md",188091,16339,4280,3.551401869158879,191316,-1.6856927805306405,5.0364208684189595
0,"Management, Business, Science, & Arts Occupations",1,"Computer, Engineering, & Science Occupations",3,"Architecture & Engineering Occupations",2018,"2018","04000US24","Maryland",1757,240.35390573069535,1.08061847791702,"Carroll County, MD","05000US24013","carroll-county-md",149542,20485,1789,-1.7887087758524316,145622,2.6919009490324264,1.9966135978817943
0,"Management, Business, Science, & Arts Occupations",1,"Computer, Engineering, & Science Occupations",4,"Life, Physical, & Social Science Occupations",2018,"2018","04000US24","Maryland",635,138.13037319865606,0.7782408829591652,"Carroll County, MD","05000US24013","carroll-county-md",124532,61089,641,-0.93603744149766,134709,-7.554803316779131,0.721599109080785
0,"Management, Business, Science, & Arts Occupations",2,"Education, Legal, Community Service, Arts, & Media Occupations",5,"Community & Social Service Occupations",2018,"2018","04000US24","Maryland",1222,220.19309707617992,0.8031255532314989,"Carroll County, MD","05000US24013","carroll-county-md",95920,10497,1279,-4.4566067240031275,95456,0.4860878310425746,1.388652143774361
0,"Management, Business, Science, & Arts Occupations",2,"Education, Legal, Community Service, Arts, & Media Occupations",6,"Legal Occupations",2018,"2018","04000US24","Maryland",630,131.64345787011217,0.6488972461466073,"Carroll County, MD","05000US24013","carroll-county-md",134177,66399,618,1.9417475728155338,165952,-19.147102776706518,0.7159172263321174
0,"Management, Business, Science, & Arts Occupations",2,"Education, Legal, Community Service, Arts, & Media Occupations",7,"Education Instruction, & Library Occupations",2018,"2018","04000US24","Maryland",6248,446.53443316277406,1.1780507976799204,"Carroll County, MD","05000US24013","carroll-county-md",107044,12920,6490,-3.728813559322034,95614,11.954316313510574,7.100080682735031
0,"Management, Business, Science, & Arts Occupations",2,"Education, Legal, Community Service, Arts, & Media Occupations",8,"Arts, Design, Entertainment, Sports, & Media Occupations",2018,"2018","04000US24","Maryland",1664,251.59093783361914,0.9444050989391317,"Carroll County, MD","05000US24013","carroll-county-md",80451,27847,1574,5.717916137229987,83301,-3.4213274750603233,1.8909305787565767
0,"Management, Business, Science, & Arts Occupations",3,"Healthcare Practitioners & Technical Occupations",9,"Health Diagnosing & Treating Practitioners & Other Technical Occupations",2018,"2018","04000US24","Maryland",3709,348.8552708502482,1.0492674325976337,"Carroll County, MD","05000US24013","carroll-county-md",185657,37502,3598,3.085047248471373,182182,1.9074332261145448,4.214820622961624
0,"Management, Business, Science, & Arts Occupations",3,"Healthcare Practitioners & Technical Occupations",10,"Health Technologists & Technicians",2018,"2018","04000US24","Maryland",1830,261.19150062741323,1.071189003542416,"Carroll County, MD","05000US24013","carroll-county-md",92077,12473,1786,2.463605823068309,87992,4.642467497045185,2.079569086012341
1,"Service Occupations",4,"Service Occupations",11,"Healthcare Support Occupations",2018,"2018","04000US24","Maryland",2126,265.64638149238925,0.7429183904709875,"Carroll County, MD","05000US24013","carroll-county-md",40955,9960,1639,29.713239780353874,49716,-17.622093491029045,2.415936544733463
1,"Service Occupations",4,"Service Occupations",14,"Food Preparation & Serving Related Occupations",2018,"2018","04000US24","Maryland",3585,372.3922662999327,0.7063096160561391,"Carroll County, MD","05000US24013","carroll-county-md",25310,4746,3998,-10.33016508254127,22756,11.223413605203024,4.0739099307946685
1,"Service Occupations",4,"Service Occupations",15,"Building & Grounds Cleaning & Maintenance Occupations",2018,"2018","04000US24","Maryland",2728,368.07743750466426,0.8001274479273006,"Carroll County, MD","05000US24013","carroll-county-md",48506,7295,2728,0,47450,2.22550052687039,3.100035227673042
1,"Service Occupations",4,"Service Occupations",16,"Personal Care & Service Occupations",2018,"2018","04000US24","Maryland",2553,279.1773629791642,1.028307342754371,"Carroll County, MD","05000US24013","carroll-county-md",41486,17729,3069,-16.81329423264907,38933,6.557419155985925,2.9011693314696756
1,"Service Occupations",5,"Protective Service Occupations",12,"Fire Fighting & Prevention, & Other Protective Service Workers Including Supervisors",2018,"2018","04000US24","Maryland",1220,226.24102192131292,1.1826813383067454,"Carroll County, MD","05000US24013","carroll-county-md",95471,50153,1103,10.607434270172257,114844,-16.868970081153563,1.386379390674894
1,"Service Occupations",5,"Protective Service Occupations",13,"Law Enforcement Workers Including Supervisors",2018,"2018","04000US24","Maryland",1128,192.3148460207896,1.3242683590568602,"Carroll County, MD","05000US24013","carroll-county-md",139509,11505,1154,-2.2530329289428077,132019,5.673425794771965,1.28183274809941
2,"Sales & Office Occupations",6,"Sales & Office Occupations",17,"Sales & Related Occupations",2018,"2018","04000US24","Maryland",8537,538.8172231842631,0.9322515845824393,"Carroll County, MD","05000US24013","carroll-county-md",83301,10160,8566,-0.33854774690637407,79256,5.10371454527102,9.701246605075058
2,"Sales & Office Occupations",6,"Sales & Office Occupations",18,"Office & Administrative Support Occupations",2018,"2018","04000US24","Maryland",10433,617.9813913055959,1.016357725047591,"Carroll County, MD","05000US24013","carroll-county-md",87072,8718,11102,-6.025941271842911,73940,17.760346226670272,11.85581654336981
3,"Natural Resources, Construction, & Maintenance Occupations",7,"Natural Resources, Construction, & Maintenance Occupations",19,"Farming, Fishing, & Forestry Occupations",2018,"2018","04000US24","Maryland",332,133.46160496562297,0.5393193461779591,"Carroll County, MD","05000US24013","carroll-county-md",42206,25509,400,-17,52270,-19.253874115171225,0.37727701451152856
3,"Natural Resources, Construction, & Maintenance Occupations",7,"Natural Resources, Construction, & Maintenance Occupations",20,"Construction & Extraction Occupations",2018,"2018","04000US24","Maryland",5187,410.1036454361263,1.1600117071139016,"Carroll County, MD","05000US24013","carroll-county-md",74538,74219,5114,1.4274540477121627,70790,5.294533126147761,5.894385163467767
3,"Natural Resources, Construction, & Maintenance Occupations",7,"Natural Resources, Construction, & Maintenance Occupations",21,"Installation, Maintenance, & Repair Occupations",2018,"2018","04000US24","Maryland",3788,400.3910588412284,1.3917937848854522,"Carroll County, MD","05000US24013","carroll-county-md",111000,17229,3849,-1.58482722785139,109891,1.0091818256272125,4.304594370390573
4,"Production, Transportation, & Material Moving Occupations",8,"Production, Transportation, & Material Moving Occupations",22,"Production Occupations",2018,"2018","04000US24","Maryland",2723,308.577380894971,0.5333199402336962,"Carroll County, MD","05000US24013","carroll-county-md",77327,10735,2673,1.8705574261129818,79347,-2.5457799286677503,3.0943533449243743
4,"Production, Transportation, & Material Moving Occupations",8,"Production, Transportation, & Material Moving Occupations",23,"Transportation Occupations",2018,"2018","04000US24","Maryland",2730,340.23080401398107,0.8305833869977935,"Carroll County, MD","05000US24013","carroll-county-md",64990,14165,2599,5.040400153905348,69909,-7.036290034187301,3.1023079807725087
0,"Management, Business, Science, & Arts Occupations",0,"Management, Business, & Financial Occupations",0,"Management Occupations",2017,"2017","04000US24","Maryland",12084,664.621696907346,1.3364748725304152,"Carroll County, MD","05000US24013","carroll-county-md",158733,7665,12203,-0.9751700401540605,153583,3.35323570968141,13.679741891662422
0,"Management, Business, Science, & Arts Occupations",0,"Management, Business, & Financial Occupations",1,"Business & Financial Operations Occupations",2017,"2017","04000US24","Maryland",4716,347.71396290629457,1.096823688098756,"Carroll County, MD","05000US24013","carroll-county-md",147446,20336,4844,-2.6424442609413705,142858,3.2115807305156165,5.3387671930718295
0,"Management, Business, Science, & Arts Occupations",1,"Computer, Engineering, & Science Occupations",2,"Computer & Mathematical Occupations",2017,"2017","04000US24","Maryland",4280,358.49128301815097,1.6823453757609468,"Carroll County, MD","05000US24013","carroll-county-md",191316,17200,4035,6.071871127633209,193583,-1.171073906283093,4.845191600158487
0,"Management, Business, Science, & Arts Occupations",1,"Computer, Engineering, & Science Occupations",3,"Architecture & Engineering Occupations",2017,"2017","04000US24","Maryland",1789,229.2007853389687,1.1016022590052195,"Carroll County, MD","05000US24013","carroll-county-md",145622,19340,1783,0.33651149747616377,154270,-5.60575614182926,2.0252448067017603
0,"Management, Business, Science, & Arts Occupations",1,"Computer, Engineering, & Science Occupations",4,"Life, Physical, & Social Science Occupations",2017,"2017","04000US24","Maryland",641,123.70933675353692,0.8269951460483945,"Carroll County, MD","05000US24013","carroll-county-md",134709,21935,527,21.631878557874764,132439,1.713996632411903,0.7256466859115865
0,"Management, Business, Science, & Arts Occupations",2,"Education, Legal, Community Service, Arts, & Media Occupations",5,"Community & Social Service Occupations",2017,"2017","04000US24","Maryland",1279,204.47493733951845,0.8477537978633705,"Carroll County, MD","05000US24013","carroll-county-md",95456,9773,1311,-2.440884820747521,94062,1.4820012332291468,1.4478972094866136
0,"Management, Business, Science, & Arts Occupations",2,"Education, Legal, Community Service, Arts, & Media Occupations",6,"Legal Occupations",2017,"2017","04000US24","Maryland",618,129.63024338479042,0.6172921539460811,"Carroll County, MD","05000US24013","carroll-county-md",165952,41938,701,-11.840228245363766,145901,13.742880446330046,0.6996094413312957
0,"Management, Business, Science, & Arts Occupations",2,"Education, Legal, Community Service, Arts, & Media Occupations",7,"Education Instruction, & Library Occupations",2017,"2017","04000US24","Maryland",6490,454.3137682263217,1.2159003142073268,"Carroll County, MD","05000US24013","carroll-county-md",95614,18331,5879,10.392923966660996,96276,-0.6876064647471851,7.347031188090791
0,"Management, Business, Science, & Arts Occupations",2,"Education, Legal, Community Service, Arts, & Media Occupations",8,"Arts, Design, Entertainment, Sports, & Media Occupations",2017,"2017","04000US24","Maryland",1574,222.1936092690337,0.9012794782784131,"Carroll County, MD","05000US24013","carroll-county-md",83301,25681,1636,-3.7897310513447433,87307,-4.588406427892379,1.7818531725816495
0,"Management, Business, Science, & Arts Occupations",3,"Healthcare Practitioners & Technical Occupations",9,"Health Diagnosing & Treating Practitioners & Other Technical Occupations",2017,"2017","04000US24","Maryland",3598,356.9481755101152,1.0199539244141518,"Carroll County, MD","05000US24013","carroll-county-md",182182,21676,3601,-0.0833101916134407,168264,8.271525697713116,4.073130695647252
0,"Management, Business, Science, & Arts Occupations",3,"Healthcare Practitioners & Technical Occupations",10,"Health Technologists & Technicians",2017,"2017","04000US24","Maryland",1786,251.78165143631892,1.068942941600487,"Carroll County, MD","05000US24013","carroll-county-md",87992,22352,1645,8.571428571428571,82363,6.834379515073516,2.0218486443652006
1,"Service Occupations",4,"Service Occupations",11,"Healthcare Support Occupations",2017,"2017","04000US24","Maryland",1639,227.29716232280597,0.7763661385224435,"Carroll County, MD","05000US24013","carroll-county-md",49716,6253,1706,-3.9273153575615476,50156,-0.8772629396283596,1.855436689873776
1,"Service Occupations",4,"Service Occupations",14,"Food Preparation & Serving Related Occupations",2017,"2017","04000US24","Maryland",3998,440.59278251010875,0.7807080333489149,"Carroll County, MD","05000US24013","carroll-county-md",22756,4491,3996,0.050050050050050046,22653,0.4546859135655322,4.525952340521878
1,"Service Occupations",4,"Service Occupations",15,"Building & Grounds Cleaning & Maintenance Occupations",2017,"2017","04000US24","Maryland",2728,388.20741878537046,0.7911010957239659,"Carroll County, MD","05000US24013","carroll-county-md",47450,5341,2710,0.6642066420664207,47403,0.09914984283695126,3.0882436180449426
1,"Service Occupations",4,"Service Occupations",16,"Personal Care & Service Occupations",2017,"2017","04000US24","Maryland",3069,318.5294334908471,0.9328677766841984,"Carroll County, MD","05000US24013","carroll-county-md",38933,19079,3089,-0.6474587245063127,35591,9.390014329465314,3.474274070300561
1,"Service Occupations",5,"Protective Service Occupations",12,"Fire Fighting & Prevention, & Other Protective Service Workers Including Supervisors",2017,"2017","04000US24","Maryland",1103,211.6246677492962,1.054123145203268,"Carroll County, MD","05000US24013","carroll-county-md",114844,62387,1112,-0.8093525179856115,109462,4.91677477115346,1.2486556857417785
1,"Service Occupations",5,"Protective Service Occupations",13,"Law Enforcement Workers Including Supervisors",2017,"2017","04000US24","Maryland",1154,211.0284341030848,1.3451376357127764,"Carroll County, MD","05000US24013","carroll-county-md",132019,48938,1261,-8.485329103885805,134347,-1.732826188898896,1.306390445463293
2,"Sales & Office Occupations",6,"Sales & Office Occupations",17,"Sales & Related Occupations",2017,"2017","04000US24","Maryland",8566,626.7184375778329,0.9194787211005595,"Carroll County, MD","05000US24013","carroll-county-md",79256,12241,8631,-0.7530992932452786,69051,14.778931514387917,9.697175524990094
2,"Sales & Office Occupations",6,"Sales & Office Occupations",18,"Office & Administrative Support Occupations",2017,"2017","04000US24","Maryland",11102,555.0081080488824,0.9677675136633795,"Carroll County, MD","05000US24013","carroll-county-md",73940,10981,11317,-1.8997967659273658,75092,-1.5341181484046236,12.568064753495218
3,"Natural Resources, Construction, & Maintenance Occupations",7,"Natural Resources, Construction, & Maintenance Occupations",19,"Farming, Fishing, & Forestry Occupations",2017,"2017","04000US24","Maryland",400,145.89036979869508,0.6406325070084872,"Carroll County, MD","05000US24013","carroll-county-md",52270,49027,451,-11.30820399113082,57061,-8.396277667759065,0.452821644874625
3,"Natural Resources, Construction, & Maintenance Occupations",7,"Natural Resources, Construction, & Maintenance Occupations",20,"Construction & Extraction Occupations",2017,"2017","04000US24","Maryland",5114,405.1789728009093,1.1493839185843502,"Carroll County, MD","05000US24013","carroll-county-md",70790,71699,5279,-3.1255919681757907,68315,3.622923223303813,5.789324729722081
3,"Natural Resources, Construction, & Maintenance Occupations",7,"Natural Resources, Construction, & Maintenance Occupations",21,"Installation, Maintenance, & Repair Occupations",2017,"2017","04000US24","Maryland",3849,342.5229919290091,1.3897727068601715,"Carroll County, MD","05000US24013","carroll-county-md",109891,22931,3859,-0.2591344908007256,104651,5.007118899962734,4.357276277806079
4,"Production, Transportation, & Material Moving Occupations",8,"Production, Transportation, & Material Moving Occupations",22,"Production Occupations",2017,"2017","04000US24","Maryland",2673,330.0575707357733,0.5153500762462396,"Carroll County, MD","05000US24013","carroll-county-md",79347,8659,2665,0.300187617260788,77972,1.7634535474272814,3.0259806418746815
4,"Production, Transportation, & Material Moving Occupations",8,"Production, Transportation, & Material Moving Occupations",23,"Transportation Occupations",2017,"2017","04000US24","Maryland",2599,339.32432862970495,0.800229152951004,"Carroll County, MD","05000US24013","carroll-county-md",69909,9113,2790,-6.845878136200717,63075,10.834720570749107,2.942208637572876
0,"Management, Business, Science, & Arts Occupations",0,"Management, Business, & Financial Occupations",0,"Management Occupations",2016,"2016","04000US24","Maryland",12203,640.0664028052089,1.373047172035952,"Carroll County, MD","05000US24013","carroll-county-md",153583,7816,11932,2.271203486423064,153699,-0.07547218914892094,13.779358626919603
0,"Management, Business, Science, & Arts Occupations",0,"Management, Business, & Financial Occupations",1,"Business & Financial Operations Occupations",2016,"2016","04000US24","Maryland",4844,403.17241969162524,1.1341447538344478,"Carroll County, MD","05000US24013","carroll-county-md",142858,21501,4858,-0.2881844380403458,132400,7.898791540785499,5.46973803071364
0,"Management, Business, Science, & Arts Occupations",1,"Computer, Engineering, & Science Occupations",2,"Computer & Mathematical Occupations",2016,"2016","04000US24","Maryland",4035,383.6352434279207,1.6325460534753575,"Carroll County, MD","05000US24013","carroll-county-md",193583,9966,4170,-3.237410071942446,187477,3.256932850429653,4.556233062330623
0,"Management, Business, Science, & Arts Occupations",1,"Computer, Engineering, & Science Occupations",3,"Architecture & Engineering Occupations",2016,"2016","04000US24","Maryland",1783,216.08563117431018,1.1004983171826481,"Carroll County, MD","05000US24013","carroll-county-md",154270,26015,2088,-14.607279693486591,153648,0.4048214099760491,2.013324299909666
0,"Management, Business, Science, & Arts Occupations",1,"Computer, Engineering, & Science Occupations",4,"Life, Physical, & Social Science Occupations",2016,"2016","04000US24","Maryland",527,133.8992158304148,0.679698624033975,"Carroll County, MD","05000US24013","carroll-county-md",132439,18652,641,-17.784711388455538,129761,2.06379420627153,0.5950767841011744
0,"Management, Business, Science, & Arts Occupations",2,"Education, Legal, Community Service, Arts, & Media Occupations",5,"Community & Social Service Occupations",2016,"2016","04000US24","Maryland",1311,214.6182657650555,0.8764917617901062,"Carroll County, MD","05000US24013","carroll-county-md",94062,16751,1238,5.896607431340872,91970,2.274654778732195,1.4803523035230353
0,"Management, Business, Science, & Arts Occupations",2,"Education, Legal, Community Service, Arts, & Media Occupations",6,"Legal Occupations",2016,"2016","04000US24","Maryland",701,128.8875478857442,0.6922173599012094,"Carroll County, MD","05000US24013","carroll-county-md",145901,31274,627,11.802232854864434,170046,-14.199099067311199,0.791553748870822
0,"Management, Business, Science, & Arts Occupations",2,"Education, Legal, Community Service, Arts, & Media Occupations",7,"Education Instruction, & Library Occupations",2016,"2016","04000US24","Maryland",5879,393.58480661732864,1.0966448618382094,"Carroll County, MD","05000US24013","carroll-county-md",96276,18211,5602,4.944662620492681,98359,-2.117752315497311,6.63843721770551
0,"Management, Business, Science, & Arts Occupations",2,"Education, Legal, Community Service, Arts, & Media Occupations",8,"Arts, Design, Entertainment, Sports, & Media Occupations",2016,"2016","04000US24","Maryland",1636,236.02754076590298,0.9451335706436106,"Carroll County, MD","05000US24013","carroll-county-md",87307,36203,1622,0.8631319358816275,76097,14.731198338962114,1.8473351400180669
0,"Management, Business, Science, & Arts Occupations",3,"Healthcare Practitioners & Technical Occupations",9,"Health Diagnosing & Treating Practitioners & Other Technical Occupations",2016,"2016","04000US24","Maryland",3601,328.49505323520475,1.029357502379185,"Carroll County, MD","05000US24013","carroll-county-md",168264,29283,3532,1.9535673839184597,156743,7.350248495945593,4.06616982836495
0,"Management, Business, Science, & Arts Occupations",3,"Healthcare Practitioners & Technical Occupations",10,"Health Technologists & Technicians",2016,"2016","04000US24","Maryland",1645,227.2003521124032,1.0046349626972353,"Carroll County, MD","05000US24013","carroll-county-md",82363,17997,1580,4.113924050632911,85985,-4.212362621387451,1.8574977416440832
1,"Service Occupations",4,"Service Occupations",11,"Healthcare Support Occupations",2016,"2016","04000US24","Maryland",1706,213.76856644511602,0.7887056328490022,"Carroll County, MD","05000US24013","carroll-county-md",50156,3952,1742,-2.066590126291619,50544,-0.7676479898702121,1.9263775971093042
1,"Service Occupations",4,"Service Occupations",14,"Food Preparation & Serving Related Occupations",2016,"2016","04000US24","Maryland",3996,434.16586692184825,0.7772628376865927,"Carroll County, MD","05000US24013","carroll-county-md",22653,3304,4203,-4.925053533190578,21577,4.986791490939426,4.512195121951219
1,"Service Occupations",4,"Service Occupations",15,"Building & Grounds Cleaning & Maintenance Occupations",2016,"2016","04000US24","Maryland",2710,348.5283345726715,0.7753635823298755,"Carroll County, MD","05000US24013","carroll-county-md",47403,8255,2574,5.283605283605284,47887,-1.0107127195272203,3.060072267389341
1,"Service Occupations",4,"Service Occupations",16,"Personal Care & Service Occupations",2016,"2016","04000US24","Maryland",3089,353.95479937415735,0.9392726485759723,"Carroll County, MD","05000US24013","carroll-county-md",35591,16147,3095,-0.1938610662358643,40913,-13.008090338034364,3.48803071364047
1,"Service Occupations",5,"Protective Service Occupations",12,"Fire Fighting & Prevention, & Other Protective Service Workers Including Supervisors",2016,"2016","04000US24","Maryland",1112,197.46645284705957,1.0454943987570229,"Carroll County, MD","05000US24013","carroll-county-md",109462,78589,1137,-2.198768689533861,78639,39.19556454176681,1.2556458897922314
1,"Service Occupations",5,"Protective Service Occupations",13,"Law Enforcement Workers Including Supervisors",2016,"2016","04000US24","Maryland",1261,232.56181973832247,1.4595820969408535,"Carroll County, MD","05000US24013","carroll-county-md",134347,57328,1397,-9.735146743020758,127216,5.605426990315684,1.4238934056007226
2,"Sales & Office Occupations",6,"Sales & Office Occupations",17,"Sales & Related Occupations",2016,"2016","04000US24","Maryland",8631,572.7285569971172,0.9121178415489035,"Carroll County, MD","05000US24013","carroll-county-md",69051,9045,8535,1.124780316344464,72109,-4.24080211901427,9.745934959349594
2,"Sales & Office Occupations",6,"Sales & Office Occupations",18,"Office & Administrative Support Occupations",2016,"2016","04000US24","Maryland",11317,599.8666518485587,0.9714448391377569,"Carroll County, MD","05000US24013","carroll-county-md",75092,8150,11543,-1.95789656068613,74227,1.1653441470085009,12.778906955736225
3,"Natural Resources, Construction, & Maintenance Occupations",7,"Natural Resources, Construction, & Maintenance Occupations",19,"Farming, Fishing, & Forestry Occupations",2016,"2016","04000US24","Maryland",451,164.79381056338252,0.7129355344591589,"Carroll County, MD","05000US24013","carroll-county-md",57061,42147,486,-7.20164609053498,48644,17.303264534166598,0.5092592592592593
3,"Natural Resources, Construction, & Maintenance Occupations",7,"Natural Resources, Construction, & Maintenance Occupations",20,"Construction & Extraction Occupations",2016,"2016","04000US24","Maryland",5279,437.47571361162437,1.1914953977147444,"Carroll County, MD","05000US24013","carroll-county-md",68315,35867,5146,2.5845316750874465,63354,7.830602645452537,5.96093044263776
3,"Natural Resources, Construction, & Maintenance Occupations",7,"Natural Resources, Construction, & Maintenance Occupations",21,"Installation, Maintenance, & Repair Occupations",2016,"2016","04000US24","Maryland",3859,369.28715114393026,1.3692230982030036,"Carroll County, MD","05000US24013","carroll-county-md",104651,40889,3564,8.277216610549944,100860,3.7586753916319653,4.357497741644083
4,"Production, Transportation, & Material Moving Occupations",8,"Production, Transportation, & Material Moving Occupations",22,"Production Occupations",2016,"2016","04000US24","Maryland",2665,305.3145918556793,0.5078019014458116,"Carroll County, MD","05000US24013","carroll-county-md",77972,10474,2840,-6.161971830985916,72759,7.164749378083811,3.009259259259259
4,"Production, Transportation, & Material Moving Occupations",8,"Production, Transportation, & Material Moving Occupations",23,"Transportation Occupations",2016,"2016","04000US24","Maryland",2790,301.0913482649411,0.8645929436934133,"Carroll County, MD","05000US24013","carroll-county-md",63075,9803,2581,8.097636574970942,69423,-9.143943649799057,3.1504065040650406
0,"Management, Business, Science, & Arts Occupations",0,"Management, Business, & Financial Occupations",0,"Management Occupations",2015,"2015","04000US24","Maryland",11932,647.1978059295319,1.3691955481697096,"Carroll County, MD","05000US24013","carroll-county-md",153699,11158,12657,-5.728055621395275,155762,-1.3244565426740798,13.528958229398159
0,"Management, Business, Science, & Arts Occupations",0,"Management, Business, & Financial Occupations",1,"Business & Financial Operations Occupations",2015,"2015","04000US24","Maryland",4858,413.1053134492463,1.1476018704808595,"Carroll County, MD","05000US24013","carroll-county-md",132400,22238,4801,1.1872526556967298,129702,2.0801529660298224,5.508186312304413
0,"Management, Business, Science, & Arts Occupations",1,"Computer, Engineering, & Science Occupations",2,"Computer & Mathematical Occupations",2015,"2015","04000US24","Maryland",4170,337.8179983363823,1.7442573117362346,"Carroll County, MD","05000US24013","carroll-county-md",187477,9972,4301,-3.0458033015577772,187159,0.16990900784894128,4.728105583019638
0,"Management, Business, Science, & Arts Occupations",1,"Computer, Engineering, & Science Occupations",3,"Architecture & Engineering Occupations",2015,"2015","04000US24","Maryland",2088,289.38728375656035,1.2967696325455054,"Carroll County, MD","05000US24013","carroll-county-md",153648,26241,2033,2.705361534677816,167811,-8.439851976330514,2.367454306317747
0,"Management, Business, Science, & Arts Occupations",1,"Computer, Engineering, & Science Occupations",4,"Life, Physical, & Social Science Occupations",2015,"2015","04000US24","Maryland",641,173.32628190785147,0.8277849180491006,"Carroll County, MD","05000US24013","carroll-county-md",129761,34823,666,-3.7537537537537538,137209,-5.42821535030501,0.7267903306272393
0,"Management, Business, Science, & Arts Occupations",2,"Education, Legal, Community Service, Arts, & Media Occupations",5,"Community & Social Service Occupations",2015,"2015","04000US24","Maryland",1238,191.44189719076647,0.836567640842069,"Carroll County, MD","05000US24013","carroll-county-md",91970,16552,1313,-5.712109672505712,93759,-1.9080834906515642,1.403691777404871
0,"Management, Business, Science, & Arts Occupations",2,"Education, Legal, Community Service, Arts, & Media Occupations",6,"Legal Occupations",2015,"2015","04000US24","Maryland",627,160.18114745499858,0.6166635009834132,"Carroll County, MD","05000US24013","carroll-county-md",170046,27165,658,-4.711246200607903,174863,-2.7547279870527213,0.7109165948569096
0,"Management, Business, Science, & Arts Occupations",2,"Education, Legal, Community Service, Arts, & Media Occupations",7,"Education Instruction, & Library Occupations",2015,"2015","04000US24","Maryland",5602,442.9367900728048,1.045053492442873,"Carroll County, MD","05000US24013","carroll-county-md",98359,15776,5481,2.20762634555738,106602,-7.732500328324046,6.351761984670507
0,"Management, Business, Science, & Arts Occupations",2,"Education, Legal, Community Service, Arts, & Media Occupations",8,"Arts, Design, Entertainment, Sports, & Media Occupations",2015,"2015","04000US24","Maryland",1622,244.5730974575904,0.9538589097212349,"Carroll County, MD","05000US24013","carroll-county-md",76097,28567,1522,6.57030223390276,79662,-4.475157540609073,1.8390856728196288
0,"Management, Business, Science, & Arts Occupations",3,"Healthcare Practitioners & Technical Occupations",9,"Health Diagnosing & Treating Practitioners & Other Technical Occupations",2015,"2015","04000US24","Maryland",3532,346.1459229862458,1.0232508847377986,"Carroll County, MD","05000US24013","carroll-county-md",156743,31135,3645,-3.1001371742112482,158230,-0.9397712191114201,4.0047167672003265
0,"Management, Business, Science, & Arts Occupations",3,"Healthcare Practitioners & Technical Occupations",10,"Health Technologists & Technicians",2015,"2015","04000US24","Maryland",1580,281.8865019826242,0.9864171905240678,"Carroll County, MD","05000US24013","carroll-county-md",85985,15637,1551,1.8697614442295292,83335,3.1799364012719744,1.7914644655086398
1,"Service Occupations",4,"Service Occupations",11,"Healthcare Support Occupations",2015,"2015","04000US24","Maryland",1742,273.87953556262653,0.7951502676909799,"Carroll County, MD","05000US24013","carroll-county-md",50544,5690,1841,-5.3775122216186855,49602,1.8991169710898754,1.9751462651367409
1,"Service Occupations",4,"Service Occupations",14,"Food Preparation & Serving Related Occupations",2015,"2015","04000US24","Maryland",4203,456.2477397204286,0.8227527875246143,"Carroll County, MD","05000US24013","carroll-county-md",21577,3480,4332,-2.9778393351800556,20872,3.377730931391338,4.765522245906844
1,"Service Occupations",4,"Service Occupations",15,"Building & Grounds Cleaning & Maintenance Occupations",2015,"2015","04000US24","Maryland",2574,326.60220452409686,0.7336772220025343,"Carroll County, MD","05000US24013","carroll-county-md",47887,5153,2528,1.8196202531645569,50481,-5.138566985598542,2.91849970520205
1,"Service Occupations",4,"Service Occupations",16,"Personal Care & Service Occupations",2015,"2015","04000US24","Maryland",3095,398.42188694899784,0.9525769844825736,"Carroll County, MD","05000US24013","carroll-county-md",40913,11691,3165,-2.211690363349131,29763,37.46262137553338,3.5092294435121776
1,"Service Occupations",5,"Protective Service Occupations",12,"Fire Fighting & Prevention, & Other Protective Service Workers Including Supervisors",2015,"2015","04000US24","Maryland",1137,224.15396494374127,1.0542572679377749,"Carroll County, MD","05000US24013","carroll-county-md",78639,54238,916,24.126637554585155,99552,-21.007111861137897,1.2891741122046352
1,"Service Occupations",5,"Protective Service Occupations",13,"Law Enforcement Workers Including Supervisors",2015,"2015","04000US24","Maryland",1397,234.95744295510198,1.60835295689063,"Carroll County, MD","05000US24013","carroll-county-md",127216,22113,1332,4.87987987987988,127963,-0.5837624938458773,1.5839720622250444
2,"Sales & Office Occupations",6,"Sales & Office Occupations",17,"Sales & Related Occupations",2015,"2015","04000US24","Maryland",8535,548.5043299737933,0.8982711937373918,"Carroll County, MD","05000US24013","carroll-county-md",72109,9899,8804,-3.0554293502953205,72075,0.047173083593479014,9.677309628554582
2,"Sales & Office Occupations",6,"Sales & Office Occupations",18,"Office & Administrative Support Occupations",2015,"2015","04000US24","Maryland",11543,611.9616001024901,0.9834206275816734,"Carroll County, MD","05000US24013","carroll-county-md",74227,7953,11359,1.6198609032485254,73232,1.358695652173913,13.087895142636855
3,"Natural Resources, Construction, & Maintenance Occupations",7,"Natural Resources, Construction, & Maintenance Occupations",19,"Farming, Fishing, & Forestry Occupations",2015,"2015","04000US24","Maryland",486,181.7470770053813,0.7568248065906665,"Carroll County, MD","05000US24013","carroll-county-md",48644,34554,384,26.5625,37777,28.766180480186353,0.5510453988843032
3,"Natural Resources, Construction, & Maintenance Occupations",7,"Natural Resources, Construction, & Maintenance Occupations",20,"Construction & Extraction Occupations",2015,"2015","04000US24","Maryland",5146,441.61634933503086,1.1675634945929607,"Carroll County, MD","05000US24013","carroll-county-md",63354,26633,5193,-0.9050645099171962,63754,-0.6274116133889639,5.834731733865482
3,"Natural Resources, Construction, & Maintenance Occupations",7,"Natural Resources, Construction, & Maintenance Occupations",21,"Installation, Maintenance, & Repair Occupations",2015,"2015","04000US24","Maryland",3564,345.42871913030046,1.2547625412985344,"Carroll County, MD","05000US24013","carroll-county-md",100860,34273,3558,0.16863406408094433,100710,0.14894250819183796,4.040999591818223
4,"Production, Transportation, & Material Moving Occupations",8,"Production, Transportation, & Material Moving Occupations",22,"Production Occupations",2015,"2015","04000US24","Maryland",2840,376.32432820640236,0.5397996257947237,"Carroll County, MD","05000US24013","carroll-county-md",72759,8370,2897,-1.9675526406627546,71432,1.857710829880166,3.2201006848383145
4,"Production, Transportation, & Material Moving Occupations",8,"Production, Transportation, & Material Moving Occupations",23,"Transportation Occupations",2015,"2015","04000US24","Maryland",2581,280.8166661720775,0.8126865481414386,"Carroll County, MD","05000US24013","carroll-county-md",69423,10158,2244,15.017825311942959,61798,12.338587009288327,2.926436573087215
0,"Management, Business, Science, & Arts Occupations",0,"Management, Business, & Financial Occupations",0,"Management Occupations",2014,"2014","04000US24","Maryland",12657,724.7454725626094,1.4639581907243284,"Carroll County, MD","05000US24013","carroll-county-md",155762,8118,12478,1.4345247635839076,153118,1.7267728157368827,14.285714285714285
0,"Management, Business, Science, & Arts Occupations",0,"Management, Business, & Financial Occupations",1,"Business & Financial Operations Occupations",2014,"2014","04000US24","Maryland",4801,442.00000000000006,1.134164456160937,"Carroll County, MD","05000US24013","carroll-county-md",129702,15874,4708,1.97536108751062,124982,3.7765438223104124,5.418797051885462
0,"Management, Business, Science, & Arts Occupations",1,"Computer, Engineering, & Science Occupations",2,"Computer & Mathematical Occupations",2014,"2014","04000US24","Maryland",4301,366.34410053936995,1.842350866360408,"Carroll County, MD","05000US24013","carroll-county-md",187159,12022,4129,4.165657544199564,185962,0.6436798915907551,4.854456596575582
0,"Management, Business, Science, & Arts Occupations",1,"Computer, Engineering, & Science Occupations",3,"Architecture & Engineering Occupations",2014,"2014","04000US24","Maryland",2033,282.2800028340655,1.256155445248512,"Carroll County, MD","05000US24013","carroll-county-md",167811,26217,2344,-13.267918088737202,162897,3.0166301405182416,2.2946082912899692
0,"Management, Business, Science, & Arts Occupations",1,"Computer, Engineering, & Science Occupations",4,"Life, Physical, & Social Science Occupations",2014,"2014","04000US24","Maryland",666,164.92422502470643,0.8550862645035024,"Carroll County, MD","05000US24013","carroll-county-md",137209,26670,662,0.6042296072507553,143094,-4.112681174612493,0.7517014864727594
0,"Management, Business, Science, & Arts Occupations",2,"Education, Legal, Community Service, Arts, & Media Occupations",5,"Community & Social Service Occupations",2014,"2014","04000US24","Maryland",1313,251.2846990964631,0.8859521621200276,"Carroll County, MD","05000US24013","carroll-county-md",93759,20491,1303,0.7674597083653107,94602,-0.8911016680408448,1.4819580356437432
0,"Management, Business, Science, & Arts Occupations",2,"Education, Legal, Community Service, Arts, & Media Occupations",6,"Legal Occupations",2014,"2014","04000US24","Maryland",658,158.5212919452778,0.638198808161055,"Carroll County, MD","05000US24013","carroll-county-md",174863,28300,624,5.448717948717949,226025,-22.635549164915385,0.7426720391878012
0,"Management, Business, Science, & Arts Occupations",2,"Education, Legal, Community Service, Arts, & Media Occupations",7,"Education Instruction, & Library Occupations",2014,"2014","04000US24","Maryland",5481,425.9319194425325,1.0097854256645118,"Carroll County, MD","05000US24013","carroll-county-md",106602,15078,5482,-0.018241517694272163,110321,-3.3710716907932308,6.186300071106897
0,"Management, Business, Science, & Arts Occupations",2,"Education, Legal, Community Service, Arts, & Media Occupations",8,"Arts, Design, Entertainment, Sports, & Media Occupations",2014,"2014","04000US24","Maryland",1522,252.4064183019124,0.8986240269894363,"Carroll County, MD","05000US24013","carroll-county-md",79662,33236,1501,1.3990672884743505,92647,-14.015564454326638,1.7178523459632729
0,"Management, Business, Science, & Arts Occupations",3,"Healthcare Practitioners & Technical Occupations",9,"Health Diagnosing & Treating Practitioners & Other Technical Occupations",2014,"2014","04000US24","Maryland",3645,376.5541129771391,1.0598576997089704,"Carroll County, MD","05000US24013","carroll-county-md",158230,31408,3880,-6.056701030927835,137879,14.760043226307124,4.11404191920902
0,"Management, Business, Science, & Arts Occupations",3,"Healthcare Practitioners & Technical Occupations",10,"Health Technologists & Technicians",2014,"2014","04000US24","Maryland",1551,307.7027786679867,0.9813038375709932,"Carroll County, MD","05000US24013","carroll-county-md",83335,20408,1428,8.61344537815126,80501,3.520453162072521,1.750584092371246
1,"Service Occupations",4,"Service Occupations",11,"Healthcare Support Occupations",2014,"2014","04000US24","Maryland",1841,289.35272592460575,0.8278437871519083,"Carroll County, MD","05000US24013","carroll-county-md",49602,5301,1531,20.248203788373612,52857,-6.158124751688518,2.0779015564509757
1,"Service Occupations",4,"Service Occupations",14,"Food Preparation & Serving Related Occupations",2014,"2014","04000US24","Maryland",4332,431.86340433058234,0.8486328808294149,"Carroll County, MD","05000US24013","carroll-county-md",20872,4405,3941,9.921339761481859,21019,-0.6993672391645653,4.889445704804794
1,"Service Occupations",4,"Service Occupations",15,"Building & Grounds Cleaning & Maintenance Occupations",2014,"2014","04000US24","Maryland",2528,323.8672567580736,0.7120498157202501,"Carroll County, MD","05000US24013","carroll-county-md",50481,7515,2487,1.648572577402493,48573,3.92810820826385,2.8533053420467502
1,"Service Occupations",4,"Service Occupations",16,"Personal Care & Service Occupations",2014,"2014","04000US24","Maryland",3165,418.41247591342204,0.9775853304856681,"Carroll County, MD","05000US24013","carroll-county-md",29763,11766,3220,-1.7080745341614907,38587,-22.8678052193744,3.572275082111536
1,"Service Occupations",5,"Protective Service Occupations",12,"Fire Fighting & Prevention, & Other Protective Service Workers Including Supervisors",2014,"2014","04000US24","Maryland",916,178.67568385205638,0.8381722775640293,"Carroll County, MD","05000US24013","carroll-county-md",99552,57827,1021,-10.28403525954946,108600,-8.331491712707182,1.033871714127699
1,"Service Occupations",5,"Protective Service Occupations",13,"Law Enforcement Workers Including Supervisors",2014,"2014","04000US24","Maryland",1332,244.85914318236107,1.5072840957721803,"Carroll County, MD","05000US24013","carroll-county-md",127963,32939,1171,13.748932536293765,142955,-10.487216256864048,1.5034029729455187
2,"Sales & Office Occupations",6,"Sales & Office Occupations",17,"Sales & Related Occupations",2014,"2014","04000US24","Maryland",8804,550.7848944914884,0.9148356078923129,"Carroll County, MD","05000US24013","carroll-county-md",72075,7965,9139,-3.665608928766823,70255,2.5905629492562805,9.936906737096356
2,"Sales & Office Occupations",6,"Sales & Office Occupations",18,"Office & Administrative Support Occupations",2014,"2014","04000US24","Maryland",11359,581.5608308681044,0.950097511050892,"Carroll County, MD","05000US24013","carroll-county-md",73232,9000,11073,2.5828592070802854,77375,-5.354442649434572,12.820686463729839
3,"Natural Resources, Construction, & Maintenance Occupations",7,"Natural Resources, Construction, & Maintenance Occupations",19,"Farming, Fishing, & Forestry Occupations",2014,"2014","04000US24","Maryland",384,167.9315336677421,0.5916553126942756,"Carroll County, MD","05000US24013","carroll-county-md",37777,51416,391,-1.7902813299232736,36835,2.5573503461381835,0.43341346967798733
3,"Natural Resources, Construction, & Maintenance Occupations",7,"Natural Resources, Construction, & Maintenance Occupations",20,"Construction & Extraction Occupations",2014,"2014","04000US24","Maryland",5193,490.36822898715604,1.1726398650378158,"Carroll County, MD","05000US24013","carroll-county-md",63754,23191,5218,-0.4791107704101188,42177,51.1582141925694,5.861239968848407
3,"Natural Resources, Construction, & Maintenance Occupations",7,"Natural Resources, Construction, & Maintenance Occupations",21,"Installation, Maintenance, & Repair Occupations",2014,"2014","04000US24","Maryland",3558,344.00581390435826,1.2371849829041475,"Carroll County, MD","05000US24013","carroll-county-md",100710,32461,3398,4.7086521483225425,105001,-4.086627746402415,4.015846679985102
4,"Production, Transportation, & Material Moving Occupations",8,"Production, Transportation, & Material Moving Occupations",22,"Production Occupations",2014,"2014","04000US24","Maryland",2897,376.06648348397124,0.549082574631464,"Carroll County, MD","05000US24013","carroll-county-md",71432,8569,3151,-8.06093303713107,69559,2.692678158110381,3.269788598065441
4,"Production, Transportation, & Material Moving Occupations",8,"Production, Transportation, & Material Moving Occupations",23,"Transportation Occupations",2014,"2014","04000US24","Maryland",2244,319.4526568992657,0.7103793703928002,"Carroll County, MD","05000US24013","carroll-county-md",61798,8901,2173,3.267372296364473,61464,0.5434075231029545,2.5327599634307383